target_name,n_rows,n_ok,n_failed,n_sequence_match,mean_complex_score_per_residue,median_complex_score_per_residue,mean_peptide_subset_score_per_residue,median_peptide_subset_score_per_residue,mean_cross_interface_energy_fixed_pose,median_cross_interface_energy_fixed_pose,mean_cross_interface_energy_per_peptide_residue,median_cross_interface_energy_per_peptide_residue,n_cross_interface_energy_lt_0,fraction_cross_interface_energy_lt_0
1SFI,5,5,0,5,6.133713485578605,6.0922058959002126,127.44218411441643,132.39093084888177,101.16788044836828,61.94696583512996,7.22627717488345,4.424783273937854,0,0.0
3AV9,5,5,0,5,1.9006580630853644,1.1202824408305279,99.21133257916242,101.8213009074324,353.2504429033515,81.39647292410376,44.156305362918935,10.17455911551297,0,0.0
3AVA,5,5,0,5,2.9298904620544253,2.131725434127275,131.24323095159275,124.55594395213778,466.0200176954776,129.95715288042516,58.2525022119347,16.244644110053144,0,0.0
3AVB,5,5,0,5,1.4945772212715536,1.4079115635768078,104.12704567426599,111.10528284912502,145.66180044037287,103.01955981633205,18.20772505504661,12.877444977041506,0,0.0
3AVF,5,5,0,5,2.4075272716657663,1.946194280121377,151.90398804019352,135.07066585606188,126.28720352374918,110.07272937151208,15.785900440468648,13.75909117143901,0,0.0
3AVG,5,5,0,5,2.254110090473088,2.212818128446786,135.2756945261124,128.80651696265952,197.01434299424778,184.38427115824447,24.626792874280973,23.04803389478056,0,0.0
3AVH,5,5,0,5,1.7850630567899823,1.314683874197602,95.44324066028938,103.68393209310646,343.05936395515704,90.91272814104968,42.88242049439463,11.36409101763121,0,0.0
3AVI,5,5,0,5,1.415132781993011,2.3346812062942592,78.29886036599129,75.1457333256838,348.40007291188994,344.00138152878765,43.55000911398624,43.000172691098456,0,0.0
3AVJ,5,5,0,5,2.5545234398112644,2.5349484256800388,101.29458603931099,117.56734935872399,574.0102861755362,365.99372302346626,71.75128577194202,45.74921537793328,0,0.0
3AVK,5,5,0,5,2.261960045051292,2.2838773062911777,120.16534745656347,117.56734935872399,309.47727414333883,388.42994832490024,38.684659267917354,48.55374354061253,0,0.0
3AVM,5,5,0,5,2.653281024492375,2.212818128446786,131.57566561357413,128.80651696265952,371.21847765790613,256.0812229160433,46.40230970723827,32.010152864505415,0,0.0
3AVN,5,5,0,5,2.69799015025215,2.4028145542644377,136.00513320415135,113.31118358815557,340.00798349721,228.98415009327664,42.50099793715125,28.62301876165958,0,0.0
3P8F,5,5,0,5,1.5873483641550306,1.4646668202834467,58.3837782135404,58.75376370821615,4.209271563114373,-6.12802039583994,0.3006622545081696,-0.4377157425599957,4,0.8
3WNE,5,5,0,5,1.5156797186997033,1.5944768468653199,141.67105538950182,154.596028217851,26.43230710018406,17.230663519397922,4.405384516697343,2.871777253232987,0,0.0
3ZGC,5,5,0,5,0.11562129781897709,0.23122516553544403,71.94133422876241,44.09445980962669,573.6744350800099,469.1544193035695,81.9534907257157,67.02205990050993,0,0.0
4K1E,5,5,0,5,0.03880965931221362,0.4946082835795413,23.05190556216278,12.974581391811714,73.66516443049213,26.056183646993674,5.261797459320867,1.8611559747852624,1,0.2
4KEL,5,5,0,5,1.5246603458838015,1.5217612923545698,48.24866716446616,45.85743630205933,65.90198199795249,39.26101652685281,4.707284428425178,2.8043583233466296,1,0.2
