target_name,n_rows,n_ok,n_missing_or_failed,mean_peptide_ca_rmsd_after_receptor_fit,median_peptide_ca_rmsd_after_receptor_fit,mean_peptide_backbone_rmsd_after_receptor_fit,median_peptide_backbone_rmsd_after_receptor_fit,success_rate_ca_rmsd_lt_2,success_rate_ca_rmsd_lt_5,mean_highfold_plddt,mean_peptide_receptor_iptm,mean_peptide_receptor_inter_pae
1SFI,5,5,0,8.5694,8.1608,8.3684,8.0022,0.0000,0.0000,69.2824,0.5033,14.7135
3AV9,5,5,0,40.1864,44.7934,40.1726,44.7886,0.0000,0.0000,72.4086,0.4200,20.2336
3AVA,5,5,0,43.5738,44.6089,43.5449,44.5815,0.0000,0.0000,74.1229,0.5217,16.9154
3AVB,5,5,0,37.8963,45.4045,37.8077,45.3907,0.0000,0.0000,72.0258,0.3683,20.2111
3AVF,5,5,0,28.1345,41.5948,28.0147,41.6235,0.0000,0.0000,73.2570,0.5425,17.0504
3AVG,5,5,0,42.6146,43.8415,42.5970,43.8890,0.0000,0.0000,71.6980,0.3775,19.8004
3AVH,5,5,0,41.8309,45.1660,41.7928,45.1573,0.0000,0.0000,70.7249,0.3900,19.5074
3AVI,5,5,0,42.2942,43.0735,42.2637,43.0497,0.0000,0.0000,73.2841,0.5450,17.2416
3AVJ,5,5,0,35.9089,43.4324,35.8404,43.4728,0.0000,0.0000,73.4318,0.5575,17.9042
3AVK,5,5,0,38.6910,43.5803,38.6456,43.5796,0.0000,0.0000,72.2250,0.4975,19.1422
3AVM,5,5,0,45.2490,44.4793,45.2390,44.4716,0.0000,0.0000,70.7314,0.3950,19.1813
3AVN,5,5,0,36.2672,42.4658,36.1924,42.4462,0.0000,0.0000,72.6266,0.5050,18.4040
3P8F,5,5,0,6.3237,5.7603,6.1530,5.5789,0.0000,0.2000,67.7937,0.5350,13.2185
3WNE,5,5,0,34.4753,31.5211,34.4016,31.4097,0.0000,0.0000,71.8167,0.3600,19.2912
3ZGC,5,5,0,7.1060,8.0872,6.8091,7.7914,0.0000,0.2000,71.1206,0.3800,21.0403
4K1E,5,5,0,9.9005,10.4543,9.7464,10.2357,0.0000,0.0000,64.7065,0.4550,17.5341
4KEL,5,5,0,9.7836,11.3646,9.5996,11.1511,0.0000,0.2000,65.0957,0.4600,17.0855
