input_mode,sample_name,selected_chains,position_in_model,target_token_index,target_token,true_base_index,true_base_token,pred_base_index,pred_base_token,base_correct,is_methyl_true,prob_methyl_known_sequence,prob_methyl_end_to_end
raw_original_input,1SFI,I,0,5,G,5,G,5,G,1,0,0.04468151926994324,0.04468151926994324
raw_original_input,1SFI,I,1,14,R,14,R,9,L,0,0,0.041631292551755905,0.018540654331445694
raw_original_input,1SFI,I,2,1,C,1,C,1,C,1,0,0.050175536423921585,0.050175536423921585
raw_original_input,1SFI,I,3,16,T,16,T,16,T,1,0,0.052026260644197464,0.052026260644197464
raw_original_input,1SFI,I,4,8,K,8,K,9,L,0,0,0.03576909750699997,0.04243162274360657
raw_original_input,1SFI,I,5,15,S,15,S,1,C,0,0,0.9973503351211548,0.0679975152015686
raw_original_input,1SFI,I,6,7,I,7,I,9,L,0,0,0.04350167512893677,0.029189247637987137
raw_original_input,1SFI,I,7,12,P,12,P,12,P,1,0,0.08172842860221863,0.08172842860221863
raw_original_input,1SFI,I,8,12,P,12,P,12,P,1,0,0.004251838196069002,0.004251838196069002
raw_original_input,1SFI,I,9,7,I,7,I,17,V,0,0,0.04669029638171196,0.07058160752058029
raw_original_input,1SFI,I,10,1,C,1,C,6,H,0,0,0.08192694187164307,0.07710473239421844
raw_original_input,1SFI,I,11,4,F,4,F,14,R,0,0,0.0676540657877922,0.08867080509662628
raw_original_input,1SFI,I,12,12,P,12,P,15,S,0,0,0.005198405124247074,0.9979221224784851
raw_original_input,1SFI,I,13,2,D,2,D,2,D,1,0,0.1508418619632721,0.1508418619632721
raw_original_input,3AV9,"X,Y",0,15,S,15,S,11,N,0,0,0.9988767504692078,0.014028449542820454
raw_original_input,3AV9,"X,Y",1,0,A,0,A,5,G,0,0,0.011794065125286579,0.03449012339115143
raw_original_input,3AV9,"X,Y",2,8,K,8,K,18,W,0,0,0.031197145581245422,0.024197064340114594
raw_original_input,3AV9,"X,Y",3,7,I,7,I,9,L,0,0,0.13007402420043945,0.05291254073381424
raw_original_input,3AV9,"X,Y",4,2,D,2,D,2,D,1,0,0.29067954421043396,0.29067954421043396
raw_original_input,3AV9,"X,Y",5,11,N,11,N,2,D,0,0,0.024191785603761673,0.06325902789831161
raw_original_input,3AV9,"X,Y",6,9,L,9,L,12,P,0,0,0.7440030574798584,0.0025837006978690624
raw_original_input,3AV9,"X,Y",7,2,D,2,D,5,G,0,0,0.09272357076406479,0.019496673718094826
raw_original_input,3AV9,"X,Y",8,15,S,15,S,11,N,0,0,0.9987493753433228,0.01362602598965168
raw_original_input,3AV9,"X,Y",9,0,A,0,A,5,G,0,0,0.010236792266368866,0.031248807907104492
raw_original_input,3AV9,"X,Y",10,8,K,8,K,4,F,0,0,0.027789155021309853,0.050271205604076385
raw_original_input,3AV9,"X,Y",11,7,I,7,I,9,L,0,0,0.1029573604464531,0.041661106050014496
raw_original_input,3AV9,"X,Y",12,2,D,2,D,2,D,1,0,0.298973947763443,0.298973947763443
raw_original_input,3AV9,"X,Y",13,11,N,11,N,2,D,0,0,0.022754717618227005,0.06720807403326035
raw_original_input,3AV9,"X,Y",14,9,L,9,L,12,P,0,0,0.747340977191925,0.0026335434522479773
raw_original_input,3AV9,"X,Y",15,2,D,2,D,15,S,0,0,0.09511542320251465,0.9982384443283081
raw_original_input,3AVA,"X,Y",0,0,A,0,A,8,K,0,0,0.00619134958833456,0.024473601952195168
raw_original_input,3AVA,"X,Y",1,9,L,9,L,5,G,0,0,0.1009572371840477,0.024908795952796936
raw_original_input,3AVA,"X,Y",2,8,K,8,K,18,W,0,0,0.03999292105436325,0.029899470508098602
raw_original_input,3AVA,"X,Y",3,7,I,7,I,9,L,0,0,0.09820141643285751,0.038472238928079605
raw_original_input,3AVA,"X,Y",4,2,D,2,D,2,D,1,0,0.2975202202796936,0.2975202202796936
raw_original_input,3AVA,"X,Y",5,11,N,11,N,4,F,0,0,0.023962371051311493,0.057317838072776794
raw_original_input,3AVA,"X,Y",6,9,L,9,L,12,P,0,0,0.5383384227752686,0.0028325296007096767
raw_original_input,3AVA,"X,Y",7,2,D,2,D,0,A,0,0,0.09506237506866455,0.006217437330633402
raw_original_input,3AVA,"X,Y",8,0,A,0,A,8,K,0,0,0.005851109046489,0.02222081646323204
raw_original_input,3AVA,"X,Y",9,9,L,9,L,5,G,0,0,0.0820896327495575,0.02479846030473709
raw_original_input,3AVA,"X,Y",10,8,K,8,K,18,W,0,0,0.041528187692165375,0.033817172050476074
raw_original_input,3AVA,"X,Y",11,7,I,7,I,9,L,0,0,0.09613765776157379,0.03823988512158394
raw_original_input,3AVA,"X,Y",12,2,D,2,D,2,D,1,0,0.31660571694374084,0.31660571694374084
raw_original_input,3AVA,"X,Y",13,11,N,11,N,4,F,0,0,0.021471092477440834,0.06369870156049728
raw_original_input,3AVA,"X,Y",14,9,L,9,L,12,P,0,0,0.44638392329216003,0.0033043986186385155
raw_original_input,3AVA,"X,Y",15,2,D,2,D,0,A,0,0,0.09663592278957367,0.00532524473965168
raw_original_input,3AVB,"X,Y",0,15,S,15,S,8,K,0,0,0.9981812238693237,0.020526902750134468
raw_original_input,3AVB,"X,Y",1,9,L,9,L,5,G,0,0,0.1344861537218094,0.025867845863103867
raw_original_input,3AVB,"X,Y",2,8,K,8,K,18,W,0,0,0.02268081158399582,0.02121003530919552
raw_original_input,3AVB,"X,Y",3,7,I,7,I,9,L,0,0,0.09526326507329941,0.03952062129974365
raw_original_input,3AVB,"X,Y",4,2,D,2,D,2,D,1,0,0.3056618571281433,0.3056618571281433
raw_original_input,3AVB,"X,Y",5,11,N,11,N,15,S,0,0,0.033778656274080276,0.992838442325592
raw_original_input,3AVB,"X,Y",6,9,L,9,L,12,P,0,0,0.6815058588981628,0.0027066331822425127
raw_original_input,3AVB,"X,Y",7,2,D,2,D,15,S,0,0,0.09424202889204025,0.9982037544250488
raw_original_input,3AVB,"X,Y",8,15,S,15,S,11,N,0,0,0.9986748695373535,0.014784635044634342
raw_original_input,3AVB,"X,Y",9,9,L,9,L,5,G,0,0,0.13087721168994904,0.03172046318650246
raw_original_input,3AVB,"X,Y",10,8,K,8,K,18,W,0,0,0.05772395059466362,0.037141237407922745
raw_original_input,3AVB,"X,Y",11,7,I,7,I,9,L,0,0,0.09607560932636261,0.03961148113012314
raw_original_input,3AVB,"X,Y",12,2,D,2,D,2,D,1,0,0.3013787269592285,0.3013787269592285
raw_original_input,3AVB,"X,Y",13,11,N,11,N,15,S,0,0,0.0406700074672699,0.9907621741294861
raw_original_input,3AVB,"X,Y",14,9,L,9,L,12,P,0,0,0.46109938621520996,0.002996883587911725
raw_original_input,3AVB,"X,Y",15,2,D,2,D,5,G,0,0,0.08704696595668793,0.02111322432756424
raw_original_input,3AVF,"D,F",0,2,D,2,D,8,K,0,0,0.08770593255758286,0.021247802302241325
raw_original_input,3AVF,"D,F",1,9,L,9,L,5,G,0,0,0.0791761726140976,0.03324022889137268
raw_original_input,3AVF,"D,F",2,8,K,8,K,18,W,0,0,0.03250019624829292,0.028706129640340805
raw_original_input,3AVF,"D,F",3,7,I,7,I,9,L,0,0,0.10988429933786392,0.04442436620593071
raw_original_input,3AVF,"D,F",4,2,D,2,D,2,D,1,0,0.2832299470901489,0.2832299470901489
raw_original_input,3AVF,"D,F",5,11,N,11,N,2,D,0,0,0.022650903090834618,0.04716651514172554
raw_original_input,3AVF,"D,F",6,9,L,9,L,12,P,0,0,0.31183919310569763,0.0031341041903942823
raw_original_input,3AVF,"D,F",7,2,D,2,D,5,G,0,0,0.09919524937868118,0.023219235241413116
raw_original_input,3AVF,"D,F",8,2,D,2,D,8,K,0,0,0.09287574142217636,0.021779470145702362
raw_original_input,3AVF,"D,F",9,9,L,9,L,5,G,0,0,0.0768953189253807,0.028070807456970215
raw_original_input,3AVF,"D,F",10,8,K,8,K,18,W,0,0,0.029307302087545395,0.02568322792649269
raw_original_input,3AVF,"D,F",11,7,I,7,I,9,L,0,0,0.11505381762981415,0.04448031261563301
raw_original_input,3AVF,"D,F",12,2,D,2,D,2,D,1,0,0.28255531191825867,0.28255531191825867
raw_original_input,3AVF,"D,F",13,11,N,11,N,2,D,0,0,0.022067811340093613,0.049309004098176956
raw_original_input,3AVF,"D,F",14,9,L,9,L,12,P,0,0,0.3546011745929718,0.0029459944926202297
raw_original_input,3AVF,"D,F",15,2,D,2,D,5,G,0,0,0.09506349265575409,0.02311001345515251
raw_original_input,3AVG,"D,F",0,0,A,0,A,5,G,0,0,0.005835831165313721,0.022065753117203712
raw_original_input,3AVG,"D,F",1,2,D,2,D,5,G,0,0,0.2207290530204773,0.021571403369307518
raw_original_input,3AVG,"D,F",2,8,K,8,K,18,W,0,0,0.04164735972881317,0.02935653179883957
raw_original_input,3AVG,"D,F",3,7,I,7,I,9,L,0,0,0.11253407597541809,0.04616071656346321
raw_original_input,3AVG,"D,F",4,2,D,2,D,2,D,1,0,0.320396363735199,0.320396363735199
raw_original_input,3AVG,"D,F",5,11,N,11,N,2,D,0,0,0.021290117874741554,0.05025418475270271
raw_original_input,3AVG,"D,F",6,9,L,9,L,10,M,0,0,0.34354785084724426,0.32367828488349915
raw_original_input,3AVG,"D,F",7,2,D,2,D,5,G,0,0,0.08382575958967209,0.02026376686990261
raw_original_input,3AVG,"D,F",8,0,A,0,A,5,G,0,0,0.006531157065182924,0.023755325004458427
raw_original_input,3AVG,"D,F",9,2,D,2,D,13,Q,0,0,0.1706628054380417,0.21056707203388214
raw_original_input,3AVG,"D,F",10,8,K,8,K,18,W,0,0,0.046205151826143265,0.04634499177336693
raw_original_input,3AVG,"D,F",11,7,I,7,I,9,L,0,0,0.11247146874666214,0.04605962336063385
raw_original_input,3AVG,"D,F",12,2,D,2,D,2,D,1,0,0.30561357736587524,0.30561357736587524
raw_original_input,3AVG,"D,F",13,11,N,11,N,2,D,0,0,0.02674460969865322,0.05775470286607742
raw_original_input,3AVG,"D,F",14,9,L,9,L,10,M,0,0,0.3424682319164276,0.3193165361881256
raw_original_input,3AVG,"D,F",15,2,D,2,D,5,G,0,0,0.08221572637557983,0.021748080849647522
raw_original_input,3AVH,"E,F",0,0,A,0,A,5,G,0,0,0.00791571568697691,0.026001593098044395
raw_original_input,3AVH,"E,F",1,14,R,14,R,13,Q,0,0,0.16456936299800873,0.17260991036891937
raw_original_input,3AVH,"E,F",2,8,K,8,K,4,F,0,0,0.0292797964066267,0.061428435146808624
raw_original_input,3AVH,"E,F",3,7,I,7,I,9,L,0,0,0.09104225784540176,0.03644032031297684
raw_original_input,3AVH,"E,F",4,2,D,2,D,2,D,1,0,0.3029354214668274,0.3029354214668274
raw_original_input,3AVH,"E,F",5,11,N,11,N,2,D,0,0,0.02561386674642563,0.060909710824489594
raw_original_input,3AVH,"E,F",6,9,L,9,L,12,P,0,0,0.40574270486831665,0.002731344662606716
raw_original_input,3AVH,"E,F",7,2,D,2,D,5,G,0,0,0.08649715781211853,0.02199489250779152
raw_original_input,3AVH,"E,F",8,0,A,0,A,8,K,0,0,0.006931344512850046,0.02540593035519123
raw_original_input,3AVH,"E,F",9,14,R,14,R,1,C,0,0,0.16877418756484985,0.164425790309906
raw_original_input,3AVH,"E,F",10,8,K,8,K,18,W,0,0,0.028432412073016167,0.02734857052564621
raw_original_input,3AVH,"E,F",11,7,I,7,I,9,L,0,0,0.09287627786397934,0.03699178621172905
raw_original_input,3AVH,"E,F",12,2,D,2,D,2,D,1,0,0.29467594623565674,0.29467594623565674
raw_original_input,3AVH,"E,F",13,11,N,11,N,2,D,0,0,0.024419166147708893,0.05522993579506874
raw_original_input,3AVH,"E,F",14,9,L,9,L,12,P,0,0,0.45677220821380615,0.0028865064959973097
raw_original_input,3AVH,"E,F",15,2,D,2,D,5,G,0,0,0.09446689486503601,0.021438464522361755
raw_original_input,3AVI,"D,F",0,15,S,15,S,9,L,0,0,0.9986962676048279,0.030623115599155426
raw_original_input,3AVI,"D,F",1,9,L,9,L,13,Q,0,0,0.11527959257364273,0.21949511766433716
raw_original_input,3AVI,"D,F",2,8,K,8,K,18,W,0,0,0.026463717222213745,0.024195576086640358
raw_original_input,3AVI,"D,F",3,7,I,7,I,9,L,0,0,0.09735578298568726,0.035216595977544785
raw_original_input,3AVI,"D,F",4,2,D,2,D,2,D,1,0,0.20654498040676117,0.20654498040676117
raw_original_input,3AVI,"D,F",5,11,N,11,N,10,M,0,0,0.07805242389440536,0.0906011313199997
raw_original_input,3AVI,"D,F",6,10,M,10,M,12,P,0,0,0.29182034730911255,0.03118986263871193
raw_original_input,3AVI,"D,F",7,2,D,2,D,5,G,0,0,0.08811558783054352,0.026795849204063416
raw_original_input,3AVI,"D,F",8,15,S,15,S,9,L,0,0,0.9984567165374756,0.03318547084927559
raw_original_input,3AVI,"D,F",9,9,L,9,L,13,Q,0,0,0.11558704823255539,0.21950173377990723
raw_original_input,3AVI,"D,F",10,8,K,8,K,18,W,0,0,0.02428855374455452,0.023020464926958084
raw_original_input,3AVI,"D,F",11,7,I,7,I,9,L,0,0,0.09457384049892426,0.03520543500781059
raw_original_input,3AVI,"D,F",12,2,D,2,D,2,D,1,0,0.2008492350578308,0.2008492350578308
raw_original_input,3AVI,"D,F",13,11,N,11,N,10,M,0,0,0.08109764009714127,0.09504354745149612
raw_original_input,3AVI,"D,F",14,10,M,10,M,12,P,0,0,0.3031955659389496,0.03663010522723198
raw_original_input,3AVI,"D,F",15,2,D,2,D,5,G,0,0,0.09370288252830505,0.029944509267807007
raw_original_input,3AVJ,"D,F",0,0,A,0,A,9,L,0,0,0.007819287478923798,0.03611823171377182
raw_original_input,3AVJ,"D,F",1,9,L,9,L,14,R,0,0,0.10631289333105087,0.19227488338947296
raw_original_input,3AVJ,"D,F",2,8,K,8,K,18,W,0,0,0.027295758947730064,0.02405296079814434
raw_original_input,3AVJ,"D,F",3,7,I,7,I,9,L,0,0,0.0976654589176178,0.03543238341808319
raw_original_input,3AVJ,"D,F",4,2,D,2,D,2,D,1,0,0.22808732092380524,0.22808732092380524
raw_original_input,3AVJ,"D,F",5,11,N,11,N,10,M,0,0,0.07497472316026688,0.08439017832279205
raw_original_input,3AVJ,"D,F",6,10,M,10,M,12,P,0,0,0.28838440775871277,0.03957555443048477
raw_original_input,3AVJ,"D,F",7,2,D,2,D,5,G,0,0,0.08735095709562302,0.027675747871398926
raw_original_input,3AVJ,"D,F",8,0,A,0,A,9,L,0,0,0.008241579867899418,0.03794097527861595
raw_original_input,3AVJ,"D,F",9,9,L,9,L,14,R,0,0,0.10767922550439835,0.193355530500412
raw_original_input,3AVJ,"D,F",10,8,K,8,K,18,W,0,0,0.026463354006409645,0.023813463747501373
raw_original_input,3AVJ,"D,F",11,7,I,7,I,9,L,0,0,0.09558813273906708,0.03457789123058319
raw_original_input,3AVJ,"D,F",12,2,D,2,D,2,D,1,0,0.2279830276966095,0.2279830276966095
raw_original_input,3AVJ,"D,F",13,11,N,11,N,10,M,0,0,0.07164972275495529,0.08264218270778656
raw_original_input,3AVJ,"D,F",14,10,M,10,M,12,P,0,0,0.2738388478755951,0.034087155014276505
raw_original_input,3AVJ,"D,F",15,2,D,2,D,5,G,0,0,0.09160620719194412,0.028746431693434715
raw_original_input,3AVK,"D,F",0,15,S,15,S,11,N,0,0,0.9987249970436096,0.017030766233801842
raw_original_input,3AVK,"D,F",1,9,L,9,L,14,R,0,0,0.0798337310552597,0.17135050892829895
raw_original_input,3AVK,"D,F",2,8,K,8,K,18,W,0,0,0.032696641981601715,0.02530663087964058
raw_original_input,3AVK,"D,F",3,7,I,7,I,9,L,0,0,0.10415571182966232,0.04348369315266609
raw_original_input,3AVK,"D,F",4,2,D,2,D,2,D,1,0,0.16510112583637238,0.16510112583637238
raw_original_input,3AVK,"D,F",5,11,N,11,N,10,M,0,0,0.08775875717401505,0.10493869334459305
raw_original_input,3AVK,"D,F",6,3,E,3,E,12,P,0,0,0.31781744956970215,0.03447362035512924
raw_original_input,3AVK,"D,F",7,2,D,2,D,5,G,0,0,0.09469004720449448,0.029262812808156013
raw_original_input,3AVK,"D,F",8,15,S,15,S,9,L,0,0,0.9976760745048523,0.04054572805762291
raw_original_input,3AVK,"D,F",9,9,L,9,L,14,R,0,0,0.09064964950084686,0.17941153049468994
raw_original_input,3AVK,"D,F",10,8,K,8,K,18,W,0,0,0.029567865654826164,0.025470124557614326
raw_original_input,3AVK,"D,F",11,7,I,7,I,9,L,0,0,0.10581543296575546,0.04280224069952965
raw_original_input,3AVK,"D,F",12,2,D,2,D,2,D,1,0,0.15165744721889496,0.15165744721889496
raw_original_input,3AVK,"D,F",13,11,N,11,N,10,M,0,0,0.09246417880058289,0.10619465261697769
raw_original_input,3AVK,"D,F",14,3,E,3,E,12,P,0,0,0.32012519240379333,0.031334709376096725
raw_original_input,3AVK,"D,F",15,2,D,2,D,5,G,0,0,0.10206471383571625,0.03049427829682827
raw_original_input,3AVM,"D,F",0,15,S,15,S,8,K,0,0,0.9977587461471558,0.024246687069535255
raw_original_input,3AVM,"D,F",1,14,R,14,R,5,G,0,0,0.16488461196422577,0.023759962990880013
raw_original_input,3AVM,"D,F",2,8,K,8,K,4,F,0,0,0.03557564690709114,0.060806501656770706
raw_original_input,3AVM,"D,F",3,7,I,7,I,9,L,0,0,0.10777111351490021,0.0452539324760437
raw_original_input,3AVM,"D,F",4,2,D,2,D,2,D,1,0,0.30133360624313354,0.30133360624313354
raw_original_input,3AVM,"D,F",5,11,N,11,N,2,D,0,0,0.03617776930332184,0.07467959076166153
raw_original_input,3AVM,"D,F",6,9,L,9,L,12,P,0,0,0.414580374956131,0.0029182531870901585
raw_original_input,3AVM,"D,F",7,2,D,2,D,5,G,0,0,0.09054329246282578,0.02234163135290146
raw_original_input,3AVM,"D,F",8,15,S,15,S,5,G,0,0,0.997849702835083,0.024636806920170784
raw_original_input,3AVM,"D,F",9,14,R,14,R,5,G,0,0,0.15953510999679565,0.025676824152469635
raw_original_input,3AVM,"D,F",10,8,K,8,K,4,F,0,0,0.043877650052309036,0.06703343987464905
raw_original_input,3AVM,"D,F",11,7,I,7,I,9,L,0,0,0.10780563950538635,0.04414157569408417
raw_original_input,3AVM,"D,F",12,2,D,2,D,2,D,1,0,0.31892845034599304,0.31892845034599304
raw_original_input,3AVM,"D,F",13,11,N,11,N,15,S,0,0,0.04000980406999588,0.990407407283783
raw_original_input,3AVM,"D,F",14,9,L,9,L,12,P,0,0,0.5879230499267578,0.0027920682914555073
raw_original_input,3AVM,"D,F",15,2,D,2,D,5,G,0,0,0.09141144901514053,0.024102529510855675
raw_original_input,3AVN,"G,H",0,15,S,15,S,11,N,0,0,0.9990116357803345,0.012496793642640114
raw_original_input,3AVN,"G,H",1,6,H,6,H,13,Q,0,0,0.1886236071586609,0.2088540941476822
raw_original_input,3AVN,"G,H",2,8,K,8,K,4,F,0,0,0.051207125186920166,0.09202046692371368
raw_original_input,3AVN,"G,H",3,7,I,7,I,9,L,0,0,0.12863676249980927,0.05312548205256462
raw_original_input,3AVN,"G,H",4,2,D,2,D,2,D,1,0,0.3027569055557251,0.3027569055557251
raw_original_input,3AVN,"G,H",5,11,N,11,N,2,D,0,0,0.027620522305369377,0.07216542959213257
raw_original_input,3AVN,"G,H",6,9,L,9,L,10,M,0,0,0.14451822638511658,0.1419125497341156
raw_original_input,3AVN,"G,H",7,2,D,2,D,5,G,0,0,0.07424633204936981,0.01769154518842697
raw_original_input,3AVN,"G,H",8,15,S,15,S,15,S,1,0,0.999116837978363,0.999116837978363
raw_original_input,3AVN,"G,H",9,6,H,6,H,5,G,0,0,0.4374846816062927,0.07337290793657303
raw_original_input,3AVN,"G,H",10,8,K,8,K,4,F,0,0,0.06545517593622208,0.07221537828445435
raw_original_input,3AVN,"G,H",11,7,I,7,I,9,L,0,0,0.12526999413967133,0.05124134197831154
raw_original_input,3AVN,"G,H",12,2,D,2,D,2,D,1,0,0.28588205575942993,0.28588205575942993
raw_original_input,3AVN,"G,H",13,11,N,11,N,2,D,0,0,0.02292650379240513,0.06280960887670517
raw_original_input,3AVN,"G,H",14,9,L,9,L,9,L,1,0,0.2709018886089325,0.2709018886089325
raw_original_input,3AVN,"G,H",15,2,D,2,D,15,S,0,0,0.0921710655093193,0.9981637597084045
raw_original_input,3P8F,I,0,5,G,5,G,5,G,1,0,0.016926826909184456,0.016926826909184456
raw_original_input,3P8F,I,1,14,R,14,R,9,L,0,0,0.06530370563268661,0.0233039241284132
raw_original_input,3P8F,I,2,1,C,1,C,1,C,1,0,0.08849096298217773,0.08849096298217773
raw_original_input,3P8F,I,3,16,T,16,T,16,T,1,0,0.049281977117061615,0.049281977117061615
raw_original_input,3P8F,I,4,8,K,8,K,9,L,0,0,0.040855634957551956,0.049525149166584015
raw_original_input,3P8F,I,5,15,S,15,S,1,C,0,0,0.9939070343971252,0.0397438183426857
raw_original_input,3P8F,I,6,7,I,7,I,7,I,1,0,0.04279020428657532,0.04279020428657532
raw_original_input,3P8F,I,7,12,P,12,P,12,P,1,0,0.060231707990169525,0.060231707990169525
raw_original_input,3P8F,I,8,12,P,12,P,5,G,0,0,0.009361132979393005,0.16400375962257385
raw_original_input,3P8F,I,9,7,I,7,I,9,L,0,0,0.06847363710403442,0.06835629791021347
raw_original_input,3P8F,I,10,1,C,1,C,10,M,0,0,0.08064106106758118,0.0679808259010315
raw_original_input,3P8F,I,11,4,F,4,F,10,M,0,0,0.07216796278953552,0.05958617851138115
raw_original_input,3P8F,I,12,12,P,12,P,12,P,1,0,0.0023528870660811663,0.0023528870660811663
raw_original_input,3P8F,I,13,2,D,2,D,3,E,0,0,0.08992420881986618,0.05268651247024536
raw_original_input,3WNE,"C,D",0,12,P,12,P,0,A,0,0,0.003895682981237769,0.012744618579745293
raw_original_input,3WNE,"C,D",1,8,K,8,K,1,C,0,0,0.020447852090001106,0.08214911818504333
raw_original_input,3WNE,"C,D",2,7,I,7,I,9,L,0,0,0.06876638531684875,0.03831865265965462
raw_original_input,3WNE,"C,D",3,2,D,2,D,2,D,1,0,0.31168001890182495,0.31168001890182495
raw_original_input,3WNE,"C,D",4,11,N,11,N,1,C,0,0,0.018807314336299896,0.060304731130599976
raw_original_input,3WNE,"C,D",5,5,G,5,G,5,G,1,0,0.07046999037265778,0.07046999037265778
raw_original_input,3WNE,"C,D",6,12,P,12,P,15,S,0,0,0.003864866914227605,0.998473584651947
raw_original_input,3WNE,"C,D",7,8,K,8,K,1,C,0,0,0.018895206972956657,0.07726342976093292
raw_original_input,3WNE,"C,D",8,7,I,7,I,9,L,0,0,0.08697137236595154,0.04370013624429703
raw_original_input,3WNE,"C,D",9,2,D,2,D,2,D,1,0,0.29024553298950195,0.29024553298950195
raw_original_input,3WNE,"C,D",10,11,N,11,N,2,D,0,0,0.02128506638109684,0.07716038078069687
raw_original_input,3WNE,"C,D",11,5,G,5,G,5,G,1,0,0.08287055045366287,0.08287055045366287
raw_original_input,3ZGC,C,0,5,G,5,G,5,G,1,0,0.05961088836193085,0.05961088836193085
raw_original_input,3ZGC,C,1,2,D,2,D,7,I,0,0,0.07286683470010757,0.05046355351805687
raw_original_input,3ZGC,C,2,3,E,3,E,14,R,0,0,0.21274158358573914,0.3144998848438263
raw_original_input,3ZGC,C,3,3,E,3,E,9,L,0,0,0.08195366710424423,0.042284611612558365
raw_original_input,3ZGC,C,4,16,T,16,T,16,T,1,0,0.033409520983695984,0.033409520983695984
raw_original_input,3ZGC,C,5,5,G,5,G,5,G,1,0,0.06175762414932251,0.06175762414932251
raw_original_input,3ZGC,C,6,3,E,3,E,0,A,0,0,0.10403098165988922,0.014068209566175938
raw_original_input,4K1E,B,0,5,G,5,G,5,G,1,0,0.12793228030204773,0.12793228030204773
raw_original_input,4K1E,B,1,4,F,4,F,9,L,0,0,0.07359495013952255,0.03172134980559349
raw_original_input,4K1E,B,2,1,C,1,C,10,M,0,0,0.06224656477570534,0.04395834356546402
raw_original_input,4K1E,B,3,13,Q,13,Q,9,L,0,0,0.08354058116674423,0.04132584109902382
raw_original_input,4K1E,B,4,14,R,14,R,10,M,0,0,0.06537585705518723,0.05621962249279022
raw_original_input,4K1E,B,5,15,S,15,S,1,C,0,0,0.9957908391952515,0.058015719056129456
raw_original_input,4K1E,B,6,7,I,7,I,9,L,0,0,0.038274459540843964,0.040856607258319855
raw_original_input,4K1E,B,7,12,P,12,P,12,P,1,0,0.08014003187417984,0.08014003187417984
raw_original_input,4K1E,B,8,12,P,12,P,12,P,1,0,0.005514083430171013,0.005514083430171013
raw_original_input,4K1E,B,9,7,I,7,I,9,L,0,0,0.05194711685180664,0.04953155666589737
raw_original_input,4K1E,B,10,1,C,1,C,4,F,0,0,0.07360826432704926,0.07070878148078918
raw_original_input,4K1E,B,11,4,F,4,F,4,F,1,0,0.09405293315649033,0.09405293315649033
raw_original_input,4K1E,B,12,12,P,12,P,12,P,1,0,0.0073640309274196625,0.0073640309274196625
raw_original_input,4K1E,B,13,2,D,2,D,14,R,0,0,0.10481272637844086,0.08372107148170471
raw_original_input,4KEL,B,0,5,G,5,G,5,G,1,0,0.11965824663639069,0.11965824663639069
raw_original_input,4KEL,B,1,4,F,4,F,9,L,0,0,0.07670630514621735,0.03240393474698067
raw_original_input,4KEL,B,2,1,C,1,C,4,F,0,0,0.06761188060045242,0.05489517003297806
raw_original_input,4KEL,B,3,13,Q,13,Q,9,L,0,0,0.0818580910563469,0.04064175486564636
raw_original_input,4KEL,B,4,14,R,14,R,10,M,0,0,0.06512576341629028,0.055790241807699203
raw_original_input,4KEL,B,5,15,S,15,S,1,C,0,0,0.9951445460319519,0.058524783700704575
raw_original_input,4KEL,B,6,7,I,7,I,9,L,0,0,0.03840300813317299,0.04056903347373009
raw_original_input,4KEL,B,7,12,P,12,P,12,P,1,0,0.08014202117919922,0.08014202117919922
raw_original_input,4KEL,B,8,12,P,12,P,12,P,1,0,0.005175589118152857,0.005175589118152857
raw_original_input,4KEL,B,9,7,I,7,I,9,L,0,0,0.053622446954250336,0.053294651210308075
raw_original_input,4KEL,B,10,1,C,1,C,4,F,0,0,0.08271293342113495,0.07830104231834412
raw_original_input,4KEL,B,11,4,F,4,F,4,F,1,0,0.10391004383563995,0.10391004383563995
raw_original_input,4KEL,B,12,12,P,12,P,12,P,1,0,0.006470873951911926,0.006470873951911926
raw_original_input,4KEL,B,13,11,N,11,N,14,R,0,0,0.06816178560256958,0.08845268934965134
strict_naturalized_input,1SFI,I,0,5,G,5,G,5,G,1,0,0.04468151926994324,0.04468151926994324
strict_naturalized_input,1SFI,I,1,14,R,14,R,9,L,0,0,0.041631292551755905,0.018540654331445694
strict_naturalized_input,1SFI,I,2,1,C,1,C,1,C,1,0,0.050175536423921585,0.050175536423921585
strict_naturalized_input,1SFI,I,3,16,T,16,T,16,T,1,0,0.052026260644197464,0.052026260644197464
strict_naturalized_input,1SFI,I,4,8,K,8,K,9,L,0,0,0.03576909750699997,0.04243162274360657
strict_naturalized_input,1SFI,I,5,15,S,15,S,1,C,0,0,0.9973503351211548,0.0679975152015686
strict_naturalized_input,1SFI,I,6,7,I,7,I,9,L,0,0,0.04350167512893677,0.029189247637987137
strict_naturalized_input,1SFI,I,7,12,P,12,P,12,P,1,0,0.08172842860221863,0.08172842860221863
strict_naturalized_input,1SFI,I,8,12,P,12,P,12,P,1,0,0.004251838196069002,0.004251838196069002
strict_naturalized_input,1SFI,I,9,7,I,7,I,17,V,0,0,0.04669029638171196,0.07058160752058029
strict_naturalized_input,1SFI,I,10,1,C,1,C,6,H,0,0,0.08192694187164307,0.07710473239421844
strict_naturalized_input,1SFI,I,11,4,F,4,F,14,R,0,0,0.0676540657877922,0.08867080509662628
strict_naturalized_input,1SFI,I,12,12,P,12,P,15,S,0,0,0.005198405124247074,0.9979221224784851
strict_naturalized_input,1SFI,I,13,2,D,2,D,2,D,1,0,0.1508418619632721,0.1508418619632721
strict_naturalized_input,3AV9,"X,Y",0,15,S,15,S,11,N,0,0,0.9988767504692078,0.014028449542820454
strict_naturalized_input,3AV9,"X,Y",1,0,A,0,A,5,G,0,0,0.011794065125286579,0.03449012339115143
strict_naturalized_input,3AV9,"X,Y",2,8,K,8,K,18,W,0,0,0.031197145581245422,0.024197064340114594
strict_naturalized_input,3AV9,"X,Y",3,7,I,7,I,9,L,0,0,0.13007402420043945,0.05291254073381424
strict_naturalized_input,3AV9,"X,Y",4,2,D,2,D,2,D,1,0,0.29067954421043396,0.29067954421043396
strict_naturalized_input,3AV9,"X,Y",5,11,N,11,N,2,D,0,0,0.024191785603761673,0.06325902789831161
strict_naturalized_input,3AV9,"X,Y",6,9,L,9,L,12,P,0,0,0.7440030574798584,0.0025837006978690624
strict_naturalized_input,3AV9,"X,Y",7,2,D,2,D,5,G,0,0,0.09272357076406479,0.019496673718094826
strict_naturalized_input,3AV9,"X,Y",8,15,S,15,S,11,N,0,0,0.9987493753433228,0.01362602598965168
strict_naturalized_input,3AV9,"X,Y",9,0,A,0,A,5,G,0,0,0.010236792266368866,0.031248807907104492
strict_naturalized_input,3AV9,"X,Y",10,8,K,8,K,4,F,0,0,0.027789155021309853,0.050271205604076385
strict_naturalized_input,3AV9,"X,Y",11,7,I,7,I,9,L,0,0,0.1029573604464531,0.041661106050014496
strict_naturalized_input,3AV9,"X,Y",12,2,D,2,D,2,D,1,0,0.298973947763443,0.298973947763443
strict_naturalized_input,3AV9,"X,Y",13,11,N,11,N,2,D,0,0,0.022754717618227005,0.06720807403326035
strict_naturalized_input,3AV9,"X,Y",14,9,L,9,L,12,P,0,0,0.747340977191925,0.0026335434522479773
strict_naturalized_input,3AV9,"X,Y",15,2,D,2,D,15,S,0,0,0.09511542320251465,0.9982384443283081
strict_naturalized_input,3AVA,"X,Y",0,0,A,0,A,8,K,0,0,0.00619134958833456,0.024473601952195168
strict_naturalized_input,3AVA,"X,Y",1,9,L,9,L,5,G,0,0,0.1009572371840477,0.024908795952796936
strict_naturalized_input,3AVA,"X,Y",2,8,K,8,K,18,W,0,0,0.03999292105436325,0.029899470508098602
strict_naturalized_input,3AVA,"X,Y",3,7,I,7,I,9,L,0,0,0.09820141643285751,0.038472238928079605
strict_naturalized_input,3AVA,"X,Y",4,2,D,2,D,2,D,1,0,0.2975202202796936,0.2975202202796936
strict_naturalized_input,3AVA,"X,Y",5,11,N,11,N,4,F,0,0,0.023962371051311493,0.057317838072776794
strict_naturalized_input,3AVA,"X,Y",6,9,L,9,L,12,P,0,0,0.5383384227752686,0.0028325296007096767
strict_naturalized_input,3AVA,"X,Y",7,2,D,2,D,0,A,0,0,0.09506237506866455,0.006217437330633402
strict_naturalized_input,3AVA,"X,Y",8,0,A,0,A,8,K,0,0,0.005851109046489,0.02222081646323204
strict_naturalized_input,3AVA,"X,Y",9,9,L,9,L,5,G,0,0,0.0820896327495575,0.02479846030473709
strict_naturalized_input,3AVA,"X,Y",10,8,K,8,K,18,W,0,0,0.041528187692165375,0.033817172050476074
strict_naturalized_input,3AVA,"X,Y",11,7,I,7,I,9,L,0,0,0.09613765776157379,0.03823988512158394
strict_naturalized_input,3AVA,"X,Y",12,2,D,2,D,2,D,1,0,0.31660571694374084,0.31660571694374084
strict_naturalized_input,3AVA,"X,Y",13,11,N,11,N,4,F,0,0,0.021471092477440834,0.06369870156049728
strict_naturalized_input,3AVA,"X,Y",14,9,L,9,L,12,P,0,0,0.44638392329216003,0.0033043986186385155
strict_naturalized_input,3AVA,"X,Y",15,2,D,2,D,0,A,0,0,0.09663592278957367,0.00532524473965168
strict_naturalized_input,3AVB,"X,Y",0,15,S,15,S,8,K,0,0,0.9981812238693237,0.020526902750134468
strict_naturalized_input,3AVB,"X,Y",1,9,L,9,L,5,G,0,0,0.1344861537218094,0.025867845863103867
strict_naturalized_input,3AVB,"X,Y",2,8,K,8,K,18,W,0,0,0.02268081158399582,0.02121003530919552
strict_naturalized_input,3AVB,"X,Y",3,7,I,7,I,9,L,0,0,0.09526326507329941,0.03952062129974365
strict_naturalized_input,3AVB,"X,Y",4,2,D,2,D,2,D,1,0,0.3056618571281433,0.3056618571281433
strict_naturalized_input,3AVB,"X,Y",5,11,N,11,N,15,S,0,0,0.033778656274080276,0.992838442325592
strict_naturalized_input,3AVB,"X,Y",6,9,L,9,L,12,P,0,0,0.6815058588981628,0.0027066331822425127
strict_naturalized_input,3AVB,"X,Y",7,2,D,2,D,15,S,0,0,0.09424202889204025,0.9982037544250488
strict_naturalized_input,3AVB,"X,Y",8,15,S,15,S,11,N,0,0,0.9986748695373535,0.014784635044634342
strict_naturalized_input,3AVB,"X,Y",9,9,L,9,L,5,G,0,0,0.13087721168994904,0.03172046318650246
strict_naturalized_input,3AVB,"X,Y",10,8,K,8,K,18,W,0,0,0.05772395059466362,0.037141237407922745
strict_naturalized_input,3AVB,"X,Y",11,7,I,7,I,9,L,0,0,0.09607560932636261,0.03961148113012314
strict_naturalized_input,3AVB,"X,Y",12,2,D,2,D,2,D,1,0,0.3013787269592285,0.3013787269592285
strict_naturalized_input,3AVB,"X,Y",13,11,N,11,N,15,S,0,0,0.0406700074672699,0.9907621741294861
strict_naturalized_input,3AVB,"X,Y",14,9,L,9,L,12,P,0,0,0.46109938621520996,0.002996883587911725
strict_naturalized_input,3AVB,"X,Y",15,2,D,2,D,5,G,0,0,0.08704696595668793,0.02111322432756424
strict_naturalized_input,3AVF,"D,F",0,2,D,2,D,8,K,0,0,0.08770593255758286,0.021247802302241325
strict_naturalized_input,3AVF,"D,F",1,9,L,9,L,5,G,0,0,0.0791761726140976,0.03324022889137268
strict_naturalized_input,3AVF,"D,F",2,8,K,8,K,18,W,0,0,0.03250019624829292,0.028706129640340805
strict_naturalized_input,3AVF,"D,F",3,7,I,7,I,9,L,0,0,0.10988429933786392,0.04442436620593071
strict_naturalized_input,3AVF,"D,F",4,2,D,2,D,2,D,1,0,0.2832299470901489,0.2832299470901489
strict_naturalized_input,3AVF,"D,F",5,11,N,11,N,2,D,0,0,0.022650903090834618,0.04716651514172554
strict_naturalized_input,3AVF,"D,F",6,9,L,9,L,12,P,0,0,0.31183919310569763,0.0031341041903942823
strict_naturalized_input,3AVF,"D,F",7,2,D,2,D,5,G,0,0,0.09919524937868118,0.023219235241413116
strict_naturalized_input,3AVF,"D,F",8,2,D,2,D,8,K,0,0,0.09287574142217636,0.021779470145702362
strict_naturalized_input,3AVF,"D,F",9,9,L,9,L,5,G,0,0,0.0768953189253807,0.028070807456970215
strict_naturalized_input,3AVF,"D,F",10,8,K,8,K,18,W,0,0,0.029307302087545395,0.02568322792649269
strict_naturalized_input,3AVF,"D,F",11,7,I,7,I,9,L,0,0,0.11505381762981415,0.04448031261563301
strict_naturalized_input,3AVF,"D,F",12,2,D,2,D,2,D,1,0,0.28255531191825867,0.28255531191825867
strict_naturalized_input,3AVF,"D,F",13,11,N,11,N,2,D,0,0,0.022067811340093613,0.049309004098176956
strict_naturalized_input,3AVF,"D,F",14,9,L,9,L,12,P,0,0,0.3546011745929718,0.0029459944926202297
strict_naturalized_input,3AVF,"D,F",15,2,D,2,D,5,G,0,0,0.09506349265575409,0.02311001345515251
strict_naturalized_input,3AVG,"D,F",0,0,A,0,A,5,G,0,0,0.005835831165313721,0.022065753117203712
strict_naturalized_input,3AVG,"D,F",1,2,D,2,D,5,G,0,0,0.2207290530204773,0.021571403369307518
strict_naturalized_input,3AVG,"D,F",2,8,K,8,K,18,W,0,0,0.04164735972881317,0.02935653179883957
strict_naturalized_input,3AVG,"D,F",3,7,I,7,I,9,L,0,0,0.11253407597541809,0.04616071656346321
strict_naturalized_input,3AVG,"D,F",4,2,D,2,D,2,D,1,0,0.320396363735199,0.320396363735199
strict_naturalized_input,3AVG,"D,F",5,11,N,11,N,2,D,0,0,0.021290117874741554,0.05025418475270271
strict_naturalized_input,3AVG,"D,F",6,9,L,9,L,10,M,0,0,0.34354785084724426,0.32367828488349915
strict_naturalized_input,3AVG,"D,F",7,2,D,2,D,5,G,0,0,0.08382575958967209,0.02026376686990261
strict_naturalized_input,3AVG,"D,F",8,0,A,0,A,5,G,0,0,0.006531157065182924,0.023755325004458427
strict_naturalized_input,3AVG,"D,F",9,2,D,2,D,13,Q,0,0,0.1706628054380417,0.21056707203388214
strict_naturalized_input,3AVG,"D,F",10,8,K,8,K,18,W,0,0,0.046205151826143265,0.04634499177336693
strict_naturalized_input,3AVG,"D,F",11,7,I,7,I,9,L,0,0,0.11247146874666214,0.04605962336063385
strict_naturalized_input,3AVG,"D,F",12,2,D,2,D,2,D,1,0,0.30561357736587524,0.30561357736587524
strict_naturalized_input,3AVG,"D,F",13,11,N,11,N,2,D,0,0,0.02674460969865322,0.05775470286607742
strict_naturalized_input,3AVG,"D,F",14,9,L,9,L,10,M,0,0,0.3424682319164276,0.3193165361881256
strict_naturalized_input,3AVG,"D,F",15,2,D,2,D,5,G,0,0,0.08221572637557983,0.021748080849647522
strict_naturalized_input,3AVH,"E,F",0,0,A,0,A,5,G,0,0,0.00791571568697691,0.026001593098044395
strict_naturalized_input,3AVH,"E,F",1,14,R,14,R,13,Q,0,0,0.16456936299800873,0.17260991036891937
strict_naturalized_input,3AVH,"E,F",2,8,K,8,K,4,F,0,0,0.0292797964066267,0.061428435146808624
strict_naturalized_input,3AVH,"E,F",3,7,I,7,I,9,L,0,0,0.09104225784540176,0.03644032031297684
strict_naturalized_input,3AVH,"E,F",4,2,D,2,D,2,D,1,0,0.3029354214668274,0.3029354214668274
strict_naturalized_input,3AVH,"E,F",5,11,N,11,N,2,D,0,0,0.02561386674642563,0.060909710824489594
strict_naturalized_input,3AVH,"E,F",6,9,L,9,L,12,P,0,0,0.40574270486831665,0.002731344662606716
strict_naturalized_input,3AVH,"E,F",7,2,D,2,D,5,G,0,0,0.08649715781211853,0.02199489250779152
strict_naturalized_input,3AVH,"E,F",8,0,A,0,A,8,K,0,0,0.006931344512850046,0.02540593035519123
strict_naturalized_input,3AVH,"E,F",9,14,R,14,R,1,C,0,0,0.16877418756484985,0.164425790309906
strict_naturalized_input,3AVH,"E,F",10,8,K,8,K,18,W,0,0,0.028432412073016167,0.02734857052564621
strict_naturalized_input,3AVH,"E,F",11,7,I,7,I,9,L,0,0,0.09287627786397934,0.03699178621172905
strict_naturalized_input,3AVH,"E,F",12,2,D,2,D,2,D,1,0,0.29467594623565674,0.29467594623565674
strict_naturalized_input,3AVH,"E,F",13,11,N,11,N,2,D,0,0,0.024419166147708893,0.05522993579506874
strict_naturalized_input,3AVH,"E,F",14,9,L,9,L,12,P,0,0,0.45677220821380615,0.0028865064959973097
strict_naturalized_input,3AVH,"E,F",15,2,D,2,D,5,G,0,0,0.09446689486503601,0.021438464522361755
strict_naturalized_input,3AVI,"D,F",0,15,S,15,S,9,L,0,0,0.9986962676048279,0.030623115599155426
strict_naturalized_input,3AVI,"D,F",1,9,L,9,L,13,Q,0,0,0.11527959257364273,0.21949511766433716
strict_naturalized_input,3AVI,"D,F",2,8,K,8,K,18,W,0,0,0.026463717222213745,0.024195576086640358
strict_naturalized_input,3AVI,"D,F",3,7,I,7,I,9,L,0,0,0.09735578298568726,0.035216595977544785
strict_naturalized_input,3AVI,"D,F",4,2,D,2,D,2,D,1,0,0.20654498040676117,0.20654498040676117
strict_naturalized_input,3AVI,"D,F",5,11,N,11,N,10,M,0,0,0.07805242389440536,0.0906011313199997
strict_naturalized_input,3AVI,"D,F",6,10,M,10,M,12,P,0,0,0.29182034730911255,0.03118986263871193
strict_naturalized_input,3AVI,"D,F",7,2,D,2,D,5,G,0,0,0.08811558783054352,0.026795849204063416
strict_naturalized_input,3AVI,"D,F",8,15,S,15,S,9,L,0,0,0.9984567165374756,0.03318547084927559
strict_naturalized_input,3AVI,"D,F",9,9,L,9,L,13,Q,0,0,0.11558704823255539,0.21950173377990723
strict_naturalized_input,3AVI,"D,F",10,8,K,8,K,18,W,0,0,0.02428855374455452,0.023020464926958084
strict_naturalized_input,3AVI,"D,F",11,7,I,7,I,9,L,0,0,0.09457384049892426,0.03520543500781059
strict_naturalized_input,3AVI,"D,F",12,2,D,2,D,2,D,1,0,0.2008492350578308,0.2008492350578308
strict_naturalized_input,3AVI,"D,F",13,11,N,11,N,10,M,0,0,0.08109764009714127,0.09504354745149612
strict_naturalized_input,3AVI,"D,F",14,10,M,10,M,12,P,0,0,0.3031955659389496,0.03663010522723198
strict_naturalized_input,3AVI,"D,F",15,2,D,2,D,5,G,0,0,0.09370288252830505,0.029944509267807007
strict_naturalized_input,3AVJ,"D,F",0,0,A,0,A,9,L,0,0,0.007819287478923798,0.03611823171377182
strict_naturalized_input,3AVJ,"D,F",1,9,L,9,L,14,R,0,0,0.10631289333105087,0.19227488338947296
strict_naturalized_input,3AVJ,"D,F",2,8,K,8,K,18,W,0,0,0.027295758947730064,0.02405296079814434
strict_naturalized_input,3AVJ,"D,F",3,7,I,7,I,9,L,0,0,0.0976654589176178,0.03543238341808319
strict_naturalized_input,3AVJ,"D,F",4,2,D,2,D,2,D,1,0,0.22808732092380524,0.22808732092380524
strict_naturalized_input,3AVJ,"D,F",5,11,N,11,N,10,M,0,0,0.07497472316026688,0.08439017832279205
strict_naturalized_input,3AVJ,"D,F",6,10,M,10,M,12,P,0,0,0.28838440775871277,0.03957555443048477
strict_naturalized_input,3AVJ,"D,F",7,2,D,2,D,5,G,0,0,0.08735095709562302,0.027675747871398926
strict_naturalized_input,3AVJ,"D,F",8,0,A,0,A,9,L,0,0,0.008241579867899418,0.03794097527861595
strict_naturalized_input,3AVJ,"D,F",9,9,L,9,L,14,R,0,0,0.10767922550439835,0.193355530500412
strict_naturalized_input,3AVJ,"D,F",10,8,K,8,K,18,W,0,0,0.026463354006409645,0.023813463747501373
strict_naturalized_input,3AVJ,"D,F",11,7,I,7,I,9,L,0,0,0.09558813273906708,0.03457789123058319
strict_naturalized_input,3AVJ,"D,F",12,2,D,2,D,2,D,1,0,0.2279830276966095,0.2279830276966095
strict_naturalized_input,3AVJ,"D,F",13,11,N,11,N,10,M,0,0,0.07164972275495529,0.08264218270778656
strict_naturalized_input,3AVJ,"D,F",14,10,M,10,M,12,P,0,0,0.2738388478755951,0.034087155014276505
strict_naturalized_input,3AVJ,"D,F",15,2,D,2,D,5,G,0,0,0.09160620719194412,0.028746431693434715
strict_naturalized_input,3AVK,"D,F",0,15,S,15,S,11,N,0,0,0.9987249970436096,0.017030766233801842
strict_naturalized_input,3AVK,"D,F",1,9,L,9,L,14,R,0,0,0.0798337310552597,0.17135050892829895
strict_naturalized_input,3AVK,"D,F",2,8,K,8,K,18,W,0,0,0.032696641981601715,0.02530663087964058
strict_naturalized_input,3AVK,"D,F",3,7,I,7,I,9,L,0,0,0.10415571182966232,0.04348369315266609
strict_naturalized_input,3AVK,"D,F",4,2,D,2,D,2,D,1,0,0.16510112583637238,0.16510112583637238
strict_naturalized_input,3AVK,"D,F",5,11,N,11,N,10,M,0,0,0.08775875717401505,0.10493869334459305
strict_naturalized_input,3AVK,"D,F",6,3,E,3,E,12,P,0,0,0.31781744956970215,0.03447362035512924
strict_naturalized_input,3AVK,"D,F",7,2,D,2,D,5,G,0,0,0.09469004720449448,0.029262812808156013
strict_naturalized_input,3AVK,"D,F",8,15,S,15,S,9,L,0,0,0.9976760745048523,0.04054572805762291
strict_naturalized_input,3AVK,"D,F",9,9,L,9,L,14,R,0,0,0.09064964950084686,0.17941153049468994
strict_naturalized_input,3AVK,"D,F",10,8,K,8,K,18,W,0,0,0.029567865654826164,0.025470124557614326
strict_naturalized_input,3AVK,"D,F",11,7,I,7,I,9,L,0,0,0.10581543296575546,0.04280224069952965
strict_naturalized_input,3AVK,"D,F",12,2,D,2,D,2,D,1,0,0.15165744721889496,0.15165744721889496
strict_naturalized_input,3AVK,"D,F",13,11,N,11,N,10,M,0,0,0.09246417880058289,0.10619465261697769
strict_naturalized_input,3AVK,"D,F",14,3,E,3,E,12,P,0,0,0.32012519240379333,0.031334709376096725
strict_naturalized_input,3AVK,"D,F",15,2,D,2,D,5,G,0,0,0.10206471383571625,0.03049427829682827
strict_naturalized_input,3AVM,"D,F",0,15,S,15,S,8,K,0,0,0.9977587461471558,0.024246687069535255
strict_naturalized_input,3AVM,"D,F",1,14,R,14,R,5,G,0,0,0.16488461196422577,0.023759962990880013
strict_naturalized_input,3AVM,"D,F",2,8,K,8,K,4,F,0,0,0.03557564690709114,0.060806501656770706
strict_naturalized_input,3AVM,"D,F",3,7,I,7,I,9,L,0,0,0.10777111351490021,0.0452539324760437
strict_naturalized_input,3AVM,"D,F",4,2,D,2,D,2,D,1,0,0.30133360624313354,0.30133360624313354
strict_naturalized_input,3AVM,"D,F",5,11,N,11,N,2,D,0,0,0.03617776930332184,0.07467959076166153
strict_naturalized_input,3AVM,"D,F",6,9,L,9,L,12,P,0,0,0.414580374956131,0.0029182531870901585
strict_naturalized_input,3AVM,"D,F",7,2,D,2,D,5,G,0,0,0.09054329246282578,0.02234163135290146
strict_naturalized_input,3AVM,"D,F",8,15,S,15,S,5,G,0,0,0.997849702835083,0.024636806920170784
strict_naturalized_input,3AVM,"D,F",9,14,R,14,R,5,G,0,0,0.15953510999679565,0.025676824152469635
strict_naturalized_input,3AVM,"D,F",10,8,K,8,K,4,F,0,0,0.043877650052309036,0.06703343987464905
strict_naturalized_input,3AVM,"D,F",11,7,I,7,I,9,L,0,0,0.10780563950538635,0.04414157569408417
strict_naturalized_input,3AVM,"D,F",12,2,D,2,D,2,D,1,0,0.31892845034599304,0.31892845034599304
strict_naturalized_input,3AVM,"D,F",13,11,N,11,N,15,S,0,0,0.04000980406999588,0.990407407283783
strict_naturalized_input,3AVM,"D,F",14,9,L,9,L,12,P,0,0,0.5879230499267578,0.0027920682914555073
strict_naturalized_input,3AVM,"D,F",15,2,D,2,D,5,G,0,0,0.09141144901514053,0.024102529510855675
strict_naturalized_input,3AVN,"G,H",0,15,S,15,S,11,N,0,0,0.9990116357803345,0.012496793642640114
strict_naturalized_input,3AVN,"G,H",1,6,H,6,H,13,Q,0,0,0.1886236071586609,0.2088540941476822
strict_naturalized_input,3AVN,"G,H",2,8,K,8,K,4,F,0,0,0.051207125186920166,0.09202046692371368
strict_naturalized_input,3AVN,"G,H",3,7,I,7,I,9,L,0,0,0.12863676249980927,0.05312548205256462
strict_naturalized_input,3AVN,"G,H",4,2,D,2,D,2,D,1,0,0.3027569055557251,0.3027569055557251
strict_naturalized_input,3AVN,"G,H",5,11,N,11,N,2,D,0,0,0.027620522305369377,0.07216542959213257
strict_naturalized_input,3AVN,"G,H",6,9,L,9,L,10,M,0,0,0.14451822638511658,0.1419125497341156
strict_naturalized_input,3AVN,"G,H",7,2,D,2,D,5,G,0,0,0.07424633204936981,0.01769154518842697
strict_naturalized_input,3AVN,"G,H",8,15,S,15,S,15,S,1,0,0.999116837978363,0.999116837978363
strict_naturalized_input,3AVN,"G,H",9,6,H,6,H,5,G,0,0,0.4374846816062927,0.07337290793657303
strict_naturalized_input,3AVN,"G,H",10,8,K,8,K,4,F,0,0,0.06545517593622208,0.07221537828445435
strict_naturalized_input,3AVN,"G,H",11,7,I,7,I,9,L,0,0,0.12526999413967133,0.05124134197831154
strict_naturalized_input,3AVN,"G,H",12,2,D,2,D,2,D,1,0,0.28588205575942993,0.28588205575942993
strict_naturalized_input,3AVN,"G,H",13,11,N,11,N,2,D,0,0,0.02292650379240513,0.06280960887670517
strict_naturalized_input,3AVN,"G,H",14,9,L,9,L,9,L,1,0,0.2709018886089325,0.2709018886089325
strict_naturalized_input,3AVN,"G,H",15,2,D,2,D,15,S,0,0,0.0921710655093193,0.9981637597084045
strict_naturalized_input,3P8F,I,0,5,G,5,G,5,G,1,0,0.016926826909184456,0.016926826909184456
strict_naturalized_input,3P8F,I,1,14,R,14,R,9,L,0,0,0.06530370563268661,0.0233039241284132
strict_naturalized_input,3P8F,I,2,1,C,1,C,1,C,1,0,0.08849096298217773,0.08849096298217773
strict_naturalized_input,3P8F,I,3,16,T,16,T,16,T,1,0,0.049281977117061615,0.049281977117061615
strict_naturalized_input,3P8F,I,4,8,K,8,K,9,L,0,0,0.040855634957551956,0.049525149166584015
strict_naturalized_input,3P8F,I,5,15,S,15,S,1,C,0,0,0.9939070343971252,0.0397438183426857
strict_naturalized_input,3P8F,I,6,7,I,7,I,7,I,1,0,0.04279020428657532,0.04279020428657532
strict_naturalized_input,3P8F,I,7,12,P,12,P,12,P,1,0,0.060231707990169525,0.060231707990169525
strict_naturalized_input,3P8F,I,8,12,P,12,P,5,G,0,0,0.009361132979393005,0.16400375962257385
strict_naturalized_input,3P8F,I,9,7,I,7,I,9,L,0,0,0.06847363710403442,0.06835629791021347
strict_naturalized_input,3P8F,I,10,1,C,1,C,10,M,0,0,0.08064106106758118,0.0679808259010315
strict_naturalized_input,3P8F,I,11,4,F,4,F,10,M,0,0,0.07216796278953552,0.05958617851138115
strict_naturalized_input,3P8F,I,12,12,P,12,P,12,P,1,0,0.0023528870660811663,0.0023528870660811663
strict_naturalized_input,3P8F,I,13,2,D,2,D,3,E,0,0,0.08992420881986618,0.05268651247024536
strict_naturalized_input,3WNE,"C,D",0,12,P,12,P,0,A,0,0,0.003895682981237769,0.012744618579745293
strict_naturalized_input,3WNE,"C,D",1,8,K,8,K,1,C,0,0,0.020447852090001106,0.08214911818504333
strict_naturalized_input,3WNE,"C,D",2,7,I,7,I,9,L,0,0,0.06876638531684875,0.03831865265965462
strict_naturalized_input,3WNE,"C,D",3,2,D,2,D,2,D,1,0,0.31168001890182495,0.31168001890182495
strict_naturalized_input,3WNE,"C,D",4,11,N,11,N,1,C,0,0,0.018807314336299896,0.060304731130599976
strict_naturalized_input,3WNE,"C,D",5,5,G,5,G,5,G,1,0,0.07046999037265778,0.07046999037265778
strict_naturalized_input,3WNE,"C,D",6,12,P,12,P,15,S,0,0,0.003864866914227605,0.998473584651947
strict_naturalized_input,3WNE,"C,D",7,8,K,8,K,1,C,0,0,0.018895206972956657,0.07726342976093292
strict_naturalized_input,3WNE,"C,D",8,7,I,7,I,9,L,0,0,0.08697137236595154,0.04370013624429703
strict_naturalized_input,3WNE,"C,D",9,2,D,2,D,2,D,1,0,0.29024553298950195,0.29024553298950195
strict_naturalized_input,3WNE,"C,D",10,11,N,11,N,2,D,0,0,0.02128506638109684,0.07716038078069687
strict_naturalized_input,3WNE,"C,D",11,5,G,5,G,5,G,1,0,0.08287055045366287,0.08287055045366287
strict_naturalized_input,3ZGC,C,0,5,G,5,G,5,G,1,0,0.05961088836193085,0.05961088836193085
strict_naturalized_input,3ZGC,C,1,2,D,2,D,7,I,0,0,0.07286683470010757,0.05046355351805687
strict_naturalized_input,3ZGC,C,2,3,E,3,E,14,R,0,0,0.21274158358573914,0.3144998848438263
strict_naturalized_input,3ZGC,C,3,3,E,3,E,9,L,0,0,0.08195366710424423,0.042284611612558365
strict_naturalized_input,3ZGC,C,4,16,T,16,T,16,T,1,0,0.033409520983695984,0.033409520983695984
strict_naturalized_input,3ZGC,C,5,5,G,5,G,5,G,1,0,0.06175762414932251,0.06175762414932251
strict_naturalized_input,3ZGC,C,6,3,E,3,E,0,A,0,0,0.10403098165988922,0.014068209566175938
strict_naturalized_input,4K1E,B,0,5,G,5,G,5,G,1,0,0.12793228030204773,0.12793228030204773
strict_naturalized_input,4K1E,B,1,4,F,4,F,9,L,0,0,0.07359495013952255,0.03172134980559349
strict_naturalized_input,4K1E,B,2,1,C,1,C,10,M,0,0,0.06224656477570534,0.04395834356546402
strict_naturalized_input,4K1E,B,3,13,Q,13,Q,9,L,0,0,0.08354058116674423,0.04132584109902382
strict_naturalized_input,4K1E,B,4,14,R,14,R,10,M,0,0,0.06537585705518723,0.05621962249279022
strict_naturalized_input,4K1E,B,5,15,S,15,S,1,C,0,0,0.9957908391952515,0.058015719056129456
strict_naturalized_input,4K1E,B,6,7,I,7,I,9,L,0,0,0.038274459540843964,0.040856607258319855
strict_naturalized_input,4K1E,B,7,12,P,12,P,12,P,1,0,0.08014003187417984,0.08014003187417984
strict_naturalized_input,4K1E,B,8,12,P,12,P,12,P,1,0,0.005514083430171013,0.005514083430171013
strict_naturalized_input,4K1E,B,9,7,I,7,I,9,L,0,0,0.05194711685180664,0.04953155666589737
strict_naturalized_input,4K1E,B,10,1,C,1,C,4,F,0,0,0.07360826432704926,0.07070878148078918
strict_naturalized_input,4K1E,B,11,4,F,4,F,4,F,1,0,0.09405293315649033,0.09405293315649033
strict_naturalized_input,4K1E,B,12,12,P,12,P,12,P,1,0,0.0073640309274196625,0.0073640309274196625
strict_naturalized_input,4K1E,B,13,2,D,2,D,14,R,0,0,0.10481272637844086,0.08372107148170471
strict_naturalized_input,4KEL,B,0,5,G,5,G,5,G,1,0,0.11965824663639069,0.11965824663639069
strict_naturalized_input,4KEL,B,1,4,F,4,F,9,L,0,0,0.07670630514621735,0.03240393474698067
strict_naturalized_input,4KEL,B,2,1,C,1,C,4,F,0,0,0.06761188060045242,0.05489517003297806
strict_naturalized_input,4KEL,B,3,13,Q,13,Q,9,L,0,0,0.0818580910563469,0.04064175486564636
strict_naturalized_input,4KEL,B,4,14,R,14,R,10,M,0,0,0.06512576341629028,0.055790241807699203
strict_naturalized_input,4KEL,B,5,15,S,15,S,1,C,0,0,0.9951445460319519,0.058524783700704575
strict_naturalized_input,4KEL,B,6,7,I,7,I,9,L,0,0,0.03840300813317299,0.04056903347373009
strict_naturalized_input,4KEL,B,7,12,P,12,P,12,P,1,0,0.08014202117919922,0.08014202117919922
strict_naturalized_input,4KEL,B,8,12,P,12,P,12,P,1,0,0.005175589118152857,0.005175589118152857
strict_naturalized_input,4KEL,B,9,7,I,7,I,9,L,0,0,0.053622446954250336,0.053294651210308075
strict_naturalized_input,4KEL,B,10,1,C,1,C,4,F,0,0,0.08271293342113495,0.07830104231834412
strict_naturalized_input,4KEL,B,11,4,F,4,F,4,F,1,0,0.10391004383563995,0.10391004383563995
strict_naturalized_input,4KEL,B,12,12,P,12,P,12,P,1,0,0.006470873951911926,0.006470873951911926
strict_naturalized_input,4KEL,B,13,11,N,11,N,14,R,0,0,0.06816178560256958,0.08845268934965134
selected_positions_as_X,1SFI,I,0,5,G,5,G,5,G,1,0,0.04468151926994324,0.04468151926994324
selected_positions_as_X,1SFI,I,1,14,R,14,R,9,L,0,0,0.03984484076499939,0.018157562240958214
selected_positions_as_X,1SFI,I,2,1,C,1,C,1,C,1,0,0.03839118406176567,0.03839118406176567
selected_positions_as_X,1SFI,I,3,16,T,16,T,16,T,1,0,0.044720932841300964,0.044720932841300964
selected_positions_as_X,1SFI,I,4,8,K,8,K,9,L,0,0,0.03704346716403961,0.03980580344796181
selected_positions_as_X,1SFI,I,5,15,S,15,S,1,C,0,0,0.9931746125221252,0.023554934188723564
selected_positions_as_X,1SFI,I,6,7,I,7,I,9,L,0,0,0.06547945737838745,0.03523922711610794
selected_positions_as_X,1SFI,I,7,12,P,12,P,12,P,1,0,0.025900065898895264,0.025900065898895264
selected_positions_as_X,1SFI,I,8,12,P,12,P,4,F,0,0,0.228524848818779,0.05966435745358467
selected_positions_as_X,1SFI,I,9,7,I,7,I,18,W,0,0,0.11026512086391449,0.05070516839623451
selected_positions_as_X,1SFI,I,10,1,C,1,C,9,L,0,0,0.052938032895326614,0.023087482899427414
selected_positions_as_X,1SFI,I,11,4,F,4,F,9,L,0,0,0.11966422945261002,0.05336443707346916
selected_positions_as_X,1SFI,I,12,12,P,12,P,14,R,0,0,0.029514625668525696,0.047333791851997375
selected_positions_as_X,1SFI,I,13,2,D,2,D,10,M,0,0,0.09487402439117432,0.04727798327803612
selected_positions_as_X,3AV9,"X,Y",0,15,S,15,S,11,N,0,0,0.9988767504692078,0.014028449542820454
selected_positions_as_X,3AV9,"X,Y",1,0,A,0,A,5,G,0,0,0.004951997194439173,0.01929919607937336
selected_positions_as_X,3AV9,"X,Y",2,8,K,8,K,18,W,0,0,0.01636180840432644,0.015534836798906326
selected_positions_as_X,3AV9,"X,Y",3,7,I,7,I,9,L,0,0,0.1195046529173851,0.04402735084295273
selected_positions_as_X,3AV9,"X,Y",4,2,D,2,D,2,D,1,0,0.1502375304698944,0.1502375304698944
selected_positions_as_X,3AV9,"X,Y",5,11,N,11,N,10,M,0,0,0.02257988043129444,0.05768333747982979
selected_positions_as_X,3AV9,"X,Y",6,9,L,9,L,10,M,0,0,0.05398734286427498,0.07499530911445618
selected_positions_as_X,3AV9,"X,Y",7,2,D,2,D,6,H,0,0,0.07443489134311676,0.06632804125547409
selected_positions_as_X,3AV9,"X,Y",8,15,S,15,S,11,N,0,0,0.9987493753433228,0.01362602598965168
selected_positions_as_X,3AV9,"X,Y",9,0,A,0,A,5,G,0,0,0.004979507066309452,0.019014909863471985
selected_positions_as_X,3AV9,"X,Y",10,8,K,8,K,18,W,0,0,0.015899786725640297,0.014647850766777992
selected_positions_as_X,3AV9,"X,Y",11,7,I,7,I,9,L,0,0,0.09775184839963913,0.03695366904139519
selected_positions_as_X,3AV9,"X,Y",12,2,D,2,D,2,D,1,0,0.1469515711069107,0.1469515711069107
selected_positions_as_X,3AV9,"X,Y",13,11,N,11,N,2,D,0,0,0.02599499374628067,0.10121040046215057
selected_positions_as_X,3AV9,"X,Y",14,9,L,9,L,10,M,0,0,0.05825072154402733,0.08068045228719711
selected_positions_as_X,3AV9,"X,Y",15,2,D,2,D,6,H,0,0,0.07585781067609787,0.06435461342334747
selected_positions_as_X,3AVA,"X,Y",0,0,A,0,A,8,K,0,0,0.00619134958833456,0.024473601952195168
selected_positions_as_X,3AVA,"X,Y",1,9,L,9,L,5,G,0,0,0.12040296941995621,0.03543088212609291
selected_positions_as_X,3AVA,"X,Y",2,8,K,8,K,18,W,0,0,0.02003820799291134,0.017159169539809227
selected_positions_as_X,3AVA,"X,Y",3,7,I,7,I,9,L,0,0,0.09500811249017715,0.03502269089221954
selected_positions_as_X,3AVA,"X,Y",4,2,D,2,D,2,D,1,0,0.15260817110538483,0.15260817110538483
selected_positions_as_X,3AVA,"X,Y",5,11,N,11,N,2,D,0,0,0.031242763623595238,0.10774141550064087
selected_positions_as_X,3AVA,"X,Y",6,9,L,9,L,10,M,0,0,0.05658361688256264,0.0793900191783905
selected_positions_as_X,3AVA,"X,Y",7,2,D,2,D,10,M,0,0,0.07905904203653336,0.059979528188705444
selected_positions_as_X,3AVA,"X,Y",8,0,A,0,A,8,K,0,0,0.005851109046489,0.02222081646323204
selected_positions_as_X,3AVA,"X,Y",9,9,L,9,L,5,G,0,0,0.07419341802597046,0.02456541173160076
selected_positions_as_X,3AVA,"X,Y",10,8,K,8,K,18,W,0,0,0.02264113537967205,0.020047221332788467
selected_positions_as_X,3AVA,"X,Y",11,7,I,7,I,9,L,0,0,0.09489255398511887,0.03582550957798958
selected_positions_as_X,3AVA,"X,Y",12,2,D,2,D,2,D,1,0,0.15518315136432648,0.15518315136432648
selected_positions_as_X,3AVA,"X,Y",13,11,N,11,N,2,D,0,0,0.029715724289417267,0.10526259988546371
selected_positions_as_X,3AVA,"X,Y",14,9,L,9,L,10,M,0,0,0.05881424993276596,0.08161965012550354
selected_positions_as_X,3AVA,"X,Y",15,2,D,2,D,6,H,0,0,0.07561045140028,0.06448967754840851
selected_positions_as_X,3AVB,"X,Y",0,15,S,15,S,8,K,0,0,0.9981812238693237,0.020526902750134468
selected_positions_as_X,3AVB,"X,Y",1,9,L,9,L,5,G,0,0,0.22804148495197296,0.06664407253265381
selected_positions_as_X,3AVB,"X,Y",2,8,K,8,K,18,W,0,0,0.014814295805990696,0.015923457220196724
selected_positions_as_X,3AVB,"X,Y",3,7,I,7,I,9,L,0,0,0.09569548815488815,0.03827761858701706
selected_positions_as_X,3AVB,"X,Y",4,2,D,2,D,2,D,1,0,0.13441143929958344,0.13441143929958344
selected_positions_as_X,3AVB,"X,Y",5,11,N,11,N,2,D,0,0,0.025988904759287834,0.1032024472951889
selected_positions_as_X,3AVB,"X,Y",6,9,L,9,L,10,M,0,0,0.06179005652666092,0.08475713431835175
selected_positions_as_X,3AVB,"X,Y",7,2,D,2,D,6,H,0,0,0.08117400109767914,0.07024284452199936
selected_positions_as_X,3AVB,"X,Y",8,15,S,15,S,11,N,0,0,0.9986748695373535,0.014784635044634342
selected_positions_as_X,3AVB,"X,Y",9,9,L,9,L,5,G,0,0,0.18201012909412384,0.05764640495181084
selected_positions_as_X,3AVB,"X,Y",10,8,K,8,K,18,W,0,0,0.023820647969841957,0.01965993270277977
selected_positions_as_X,3AVB,"X,Y",11,7,I,7,I,9,L,0,0,0.09500286728143692,0.036972884088754654
selected_positions_as_X,3AVB,"X,Y",12,2,D,2,D,2,D,1,0,0.15985403954982758,0.15985403954982758
selected_positions_as_X,3AVB,"X,Y",13,11,N,11,N,2,D,0,0,0.025401407852768898,0.09783419221639633
selected_positions_as_X,3AVB,"X,Y",14,9,L,9,L,10,M,0,0,0.05555720254778862,0.07805277407169342
selected_positions_as_X,3AVB,"X,Y",15,2,D,2,D,6,H,0,0,0.0849779024720192,0.07489857822656631
selected_positions_as_X,3AVF,"D,F",0,2,D,2,D,8,K,0,0,0.08770593255758286,0.021247802302241325
selected_positions_as_X,3AVF,"D,F",1,9,L,9,L,8,K,0,0,0.04247429594397545,0.030757101252675056
selected_positions_as_X,3AVF,"D,F",2,8,K,8,K,18,W,0,0,0.01811075024306774,0.017313921824097633
selected_positions_as_X,3AVF,"D,F",3,7,I,7,I,9,L,0,0,0.10198785364627838,0.03773462027311325
selected_positions_as_X,3AVF,"D,F",4,2,D,2,D,2,D,1,0,0.15704452991485596,0.15704452991485596
selected_positions_as_X,3AVF,"D,F",5,11,N,11,N,2,D,0,0,0.03130049258470535,0.11514156311750412
selected_positions_as_X,3AVF,"D,F",6,9,L,9,L,10,M,0,0,0.05355970934033394,0.07589336484670639
selected_positions_as_X,3AVF,"D,F",7,2,D,2,D,6,H,0,0,0.07618662714958191,0.06512550264596939
selected_positions_as_X,3AVF,"D,F",8,2,D,2,D,8,K,0,0,0.09287574142217636,0.021779470145702362
selected_positions_as_X,3AVF,"D,F",9,9,L,9,L,5,G,0,0,0.04841623827815056,0.018044475466012955
selected_positions_as_X,3AVF,"D,F",10,8,K,8,K,18,W,0,0,0.017386365681886673,0.01653527095913887
selected_positions_as_X,3AVF,"D,F",11,7,I,7,I,9,L,0,0,0.10474839061498642,0.03807256743311882
selected_positions_as_X,3AVF,"D,F",12,2,D,2,D,2,D,1,0,0.14115473628044128,0.14115473628044128
selected_positions_as_X,3AVF,"D,F",13,11,N,11,N,2,D,0,0,0.028423108160495758,0.10163014382123947
selected_positions_as_X,3AVF,"D,F",14,9,L,9,L,10,M,0,0,0.05389932543039322,0.07586444914340973
selected_positions_as_X,3AVF,"D,F",15,2,D,2,D,10,M,0,0,0.08005353063344955,0.05987602472305298
selected_positions_as_X,3AVG,"D,F",0,0,A,0,A,5,G,0,0,0.005835831165313721,0.022065753117203712
selected_positions_as_X,3AVG,"D,F",1,2,D,2,D,5,G,0,0,0.2404666543006897,0.02526671811938286
selected_positions_as_X,3AVG,"D,F",2,8,K,8,K,18,W,0,0,0.021590443328022957,0.01759289763867855
selected_positions_as_X,3AVG,"D,F",3,7,I,7,I,9,L,0,0,0.09563649445772171,0.03517308831214905
selected_positions_as_X,3AVG,"D,F",4,2,D,2,D,2,D,1,0,0.13212290406227112,0.13212290406227112
selected_positions_as_X,3AVG,"D,F",5,11,N,11,N,2,D,0,0,0.03002808801829815,0.09984547644853592
selected_positions_as_X,3AVG,"D,F",6,9,L,9,L,10,M,0,0,0.05047890171408653,0.07222454994916916
selected_positions_as_X,3AVG,"D,F",7,2,D,2,D,6,H,0,0,0.09042664617300034,0.07909888029098511
selected_positions_as_X,3AVG,"D,F",8,0,A,0,A,5,G,0,0,0.006531157065182924,0.023755325004458427
selected_positions_as_X,3AVG,"D,F",9,2,D,2,D,13,Q,0,0,0.11659500747919083,0.14516539871692657
selected_positions_as_X,3AVG,"D,F",10,8,K,8,K,18,W,0,0,0.021372796967625618,0.02359180524945259
selected_positions_as_X,3AVG,"D,F",11,7,I,7,I,9,L,0,0,0.09873481839895248,0.03616626188158989
selected_positions_as_X,3AVG,"D,F",12,2,D,2,D,2,D,1,0,0.1640230417251587,0.1640230417251587
selected_positions_as_X,3AVG,"D,F",13,11,N,11,N,2,D,0,0,0.03544852137565613,0.1027289554476738
selected_positions_as_X,3AVG,"D,F",14,9,L,9,L,10,M,0,0,0.05119205638766289,0.07203855365514755
selected_positions_as_X,3AVG,"D,F",15,2,D,2,D,10,M,0,0,0.09653011709451675,0.07401720434427261
selected_positions_as_X,3AVH,"E,F",0,0,A,0,A,5,G,0,0,0.00791571568697691,0.026001593098044395
selected_positions_as_X,3AVH,"E,F",1,14,R,14,R,13,Q,0,0,0.11373765766620636,0.12886103987693787
selected_positions_as_X,3AVH,"E,F",2,8,K,8,K,18,W,0,0,0.016259001567959785,0.018259737640619278
selected_positions_as_X,3AVH,"E,F",3,7,I,7,I,9,L,0,0,0.08657478541135788,0.031921569257974625
selected_positions_as_X,3AVH,"E,F",4,2,D,2,D,2,D,1,0,0.16500580310821533,0.16500580310821533
selected_positions_as_X,3AVH,"E,F",5,11,N,11,N,2,D,0,0,0.034353263676166534,0.09329472482204437
selected_positions_as_X,3AVH,"E,F",6,9,L,9,L,10,M,0,0,0.04958266392350197,0.07019474357366562
selected_positions_as_X,3AVH,"E,F",7,2,D,2,D,10,M,0,0,0.11283552646636963,0.08290167152881622
selected_positions_as_X,3AVH,"E,F",8,0,A,0,A,8,K,0,0,0.006931344512850046,0.02540593035519123
selected_positions_as_X,3AVH,"E,F",9,14,R,14,R,8,K,0,0,0.11523102223873138,0.03312104195356369
selected_positions_as_X,3AVH,"E,F",10,8,K,8,K,18,W,0,0,0.016064902767539024,0.01659637689590454
selected_positions_as_X,3AVH,"E,F",11,7,I,7,I,9,L,0,0,0.08667276799678802,0.03154634311795235
selected_positions_as_X,3AVH,"E,F",12,2,D,2,D,2,D,1,0,0.1739906221628189,0.1739906221628189
selected_positions_as_X,3AVH,"E,F",13,11,N,11,N,2,D,0,0,0.0328250415623188,0.09426651149988174
selected_positions_as_X,3AVH,"E,F",14,9,L,9,L,10,M,0,0,0.05206206068396568,0.07386314123868942
selected_positions_as_X,3AVH,"E,F",15,2,D,2,D,10,M,0,0,0.0930383950471878,0.06874643266201019
selected_positions_as_X,3AVI,"D,F",0,15,S,15,S,9,L,0,0,0.9986962676048279,0.030623115599155426
selected_positions_as_X,3AVI,"D,F",1,9,L,9,L,8,K,0,0,0.047847602516412735,0.03142375871539116
selected_positions_as_X,3AVI,"D,F",2,8,K,8,K,18,W,0,0,0.015860456973314285,0.015540394000709057
selected_positions_as_X,3AVI,"D,F",3,7,I,7,I,9,L,0,0,0.10202816873788834,0.036747608333826065
selected_positions_as_X,3AVI,"D,F",4,2,D,2,D,2,D,1,0,0.11526849120855331,0.11526849120855331
selected_positions_as_X,3AVI,"D,F",5,11,N,11,N,2,D,0,0,0.04774320125579834,0.0784127488732338
selected_positions_as_X,3AVI,"D,F",6,10,M,10,M,6,H,0,0,0.14205920696258545,0.14425577223300934
selected_positions_as_X,3AVI,"D,F",7,2,D,2,D,6,H,0,0,0.06817309558391571,0.059553973376750946
selected_positions_as_X,3AVI,"D,F",8,15,S,15,S,9,L,0,0,0.9984567165374756,0.03318547084927559
selected_positions_as_X,3AVI,"D,F",9,9,L,9,L,8,K,0,0,0.04946283996105194,0.0328865647315979
selected_positions_as_X,3AVI,"D,F",10,8,K,8,K,18,W,0,0,0.015507555566728115,0.015611381269991398
selected_positions_as_X,3AVI,"D,F",11,7,I,7,I,9,L,0,0,0.09952011704444885,0.037039969116449356
selected_positions_as_X,3AVI,"D,F",12,2,D,2,D,2,D,1,0,0.11733132600784302,0.11733132600784302
selected_positions_as_X,3AVI,"D,F",13,11,N,11,N,2,D,0,0,0.047674957662820816,0.07980010658502579
selected_positions_as_X,3AVI,"D,F",14,10,M,10,M,6,H,0,0,0.15186850726604462,0.1508597731590271
selected_positions_as_X,3AVI,"D,F",15,2,D,2,D,6,H,0,0,0.06996452063322067,0.06083054468035698
selected_positions_as_X,3AVJ,"D,F",0,0,A,0,A,9,L,0,0,0.007819287478923798,0.03611823171377182
selected_positions_as_X,3AVJ,"D,F",1,9,L,9,L,8,K,0,0,0.05351376533508301,0.03488970920443535
selected_positions_as_X,3AVJ,"D,F",2,8,K,8,K,18,W,0,0,0.01599990949034691,0.015326354652643204
selected_positions_as_X,3AVJ,"D,F",3,7,I,7,I,9,L,0,0,0.10281283408403397,0.036862634122371674
selected_positions_as_X,3AVJ,"D,F",4,2,D,2,D,2,D,1,0,0.1133652776479721,0.1133652776479721
selected_positions_as_X,3AVJ,"D,F",5,11,N,11,N,2,D,0,0,0.0539727546274662,0.08384519815444946
selected_positions_as_X,3AVJ,"D,F",6,10,M,10,M,6,H,0,0,0.14318016171455383,0.14203089475631714
selected_positions_as_X,3AVJ,"D,F",7,2,D,2,D,6,H,0,0,0.07120612263679504,0.06136411428451538
selected_positions_as_X,3AVJ,"D,F",8,0,A,0,A,9,L,0,0,0.008241579867899418,0.03794097527861595
selected_positions_as_X,3AVJ,"D,F",9,9,L,9,L,8,K,0,0,0.055118151009082794,0.036384981125593185
selected_positions_as_X,3AVJ,"D,F",10,8,K,8,K,18,W,0,0,0.015868540853261948,0.015531051903963089
selected_positions_as_X,3AVJ,"D,F",11,7,I,7,I,9,L,0,0,0.10030284523963928,0.036378514021635056
selected_positions_as_X,3AVJ,"D,F",12,2,D,2,D,2,D,1,0,0.1191701740026474,0.1191701740026474
selected_positions_as_X,3AVJ,"D,F",13,11,N,11,N,2,D,0,0,0.050825588405132294,0.08182263374328613
selected_positions_as_X,3AVJ,"D,F",14,10,M,10,M,6,H,0,0,0.13683032989501953,0.1394975781440735
selected_positions_as_X,3AVJ,"D,F",15,2,D,2,D,6,H,0,0,0.07154614478349686,0.06072349473834038
selected_positions_as_X,3AVK,"D,F",0,15,S,15,S,11,N,0,0,0.9987249970436096,0.017030766233801842
selected_positions_as_X,3AVK,"D,F",1,9,L,9,L,8,K,0,0,0.04263359680771828,0.031346190720796585
selected_positions_as_X,3AVK,"D,F",2,8,K,8,K,18,W,0,0,0.01803397946059704,0.015795521438121796
selected_positions_as_X,3AVK,"D,F",3,7,I,7,I,9,L,0,0,0.10408038645982742,0.039340198040008545
selected_positions_as_X,3AVK,"D,F",4,2,D,2,D,9,L,0,0,0.11549889296293259,0.053152211010456085
selected_positions_as_X,3AVK,"D,F",5,11,N,11,N,2,D,0,0,0.051262129098176956,0.07840444892644882
selected_positions_as_X,3AVK,"D,F",6,3,E,3,E,6,H,0,0,0.1805751919746399,0.16458095610141754
selected_positions_as_X,3AVK,"D,F",7,2,D,2,D,6,H,0,0,0.06400850415229797,0.05802507326006889
selected_positions_as_X,3AVK,"D,F",8,15,S,15,S,9,L,0,0,0.9976760745048523,0.04054572805762291
selected_positions_as_X,3AVK,"D,F",9,9,L,9,L,8,K,0,0,0.047013722360134125,0.03212224692106247
selected_positions_as_X,3AVK,"D,F",10,8,K,8,K,18,W,0,0,0.017938897013664246,0.01668640971183777
selected_positions_as_X,3AVK,"D,F",11,7,I,7,I,9,L,0,0,0.10362239927053452,0.03897010535001755
selected_positions_as_X,3AVK,"D,F",12,2,D,2,D,9,L,0,0,0.10943429172039032,0.04828977584838867
selected_positions_as_X,3AVK,"D,F",13,11,N,11,N,2,D,0,0,0.05180450901389122,0.08064442127943039
selected_positions_as_X,3AVK,"D,F",14,3,E,3,E,6,H,0,0,0.17952649295330048,0.16648103296756744
selected_positions_as_X,3AVK,"D,F",15,2,D,2,D,6,H,0,0,0.06595433503389359,0.05850415676832199
selected_positions_as_X,3AVM,"D,F",0,15,S,15,S,8,K,0,0,0.9977587461471558,0.024246687069535255
selected_positions_as_X,3AVM,"D,F",1,14,R,14,R,5,G,0,0,0.17850008606910706,0.024470403790473938
selected_positions_as_X,3AVM,"D,F",2,8,K,8,K,18,W,0,0,0.020540375262498856,0.017846079543232918
selected_positions_as_X,3AVM,"D,F",3,7,I,7,I,9,L,0,0,0.09847990423440933,0.037323255091905594
selected_positions_as_X,3AVM,"D,F",4,2,D,2,D,2,D,1,0,0.15534427762031555,0.15534427762031555
selected_positions_as_X,3AVM,"D,F",5,11,N,11,N,2,D,0,0,0.03037204034626484,0.09699026495218277
selected_positions_as_X,3AVM,"D,F",6,9,L,9,L,10,M,0,0,0.053374096751213074,0.07482219487428665
selected_positions_as_X,3AVM,"D,F",7,2,D,2,D,10,M,0,0,0.09123457223176956,0.06868451833724976
selected_positions_as_X,3AVM,"D,F",8,15,S,15,S,5,G,0,0,0.997849702835083,0.024636806920170784
selected_positions_as_X,3AVM,"D,F",9,14,R,14,R,5,G,0,0,0.14829133450984955,0.021004218608140945
selected_positions_as_X,3AVM,"D,F",10,8,K,8,K,18,W,0,0,0.02305394783616066,0.02048516273498535
selected_positions_as_X,3AVM,"D,F",11,7,I,7,I,9,L,0,0,0.09661827236413956,0.037622563540935516
selected_positions_as_X,3AVM,"D,F",12,2,D,2,D,2,D,1,0,0.1301446408033371,0.1301446408033371
selected_positions_as_X,3AVM,"D,F",13,11,N,11,N,2,D,0,0,0.03395316004753113,0.10269872099161148
selected_positions_as_X,3AVM,"D,F",14,9,L,9,L,10,M,0,0,0.05689554288983345,0.0798855870962143
selected_positions_as_X,3AVM,"D,F",15,2,D,2,D,10,M,0,0,0.09414277225732803,0.07142125070095062
selected_positions_as_X,3AVN,"G,H",0,15,S,15,S,11,N,0,0,0.9990116357803345,0.012496793642640114
selected_positions_as_X,3AVN,"G,H",1,6,H,6,H,8,K,0,0,0.10845518857240677,0.033444516360759735
selected_positions_as_X,3AVN,"G,H",2,8,K,8,K,18,W,0,0,0.02224360592663288,0.023501282557845116
selected_positions_as_X,3AVN,"G,H",3,7,I,7,I,9,L,0,0,0.10960312932729721,0.04011362046003342
selected_positions_as_X,3AVN,"G,H",4,2,D,2,D,2,D,1,0,0.13502538204193115,0.13502538204193115
selected_positions_as_X,3AVN,"G,H",5,11,N,11,N,2,D,0,0,0.024739768356084824,0.0875975638628006
selected_positions_as_X,3AVN,"G,H",6,9,L,9,L,10,M,0,0,0.05398193746805191,0.07528688758611679
selected_positions_as_X,3AVN,"G,H",7,2,D,2,D,10,M,0,0,0.0909656211733818,0.07039526849985123
selected_positions_as_X,3AVN,"G,H",8,15,S,15,S,15,S,1,0,0.999116837978363,0.999116837978363
selected_positions_as_X,3AVN,"G,H",9,6,H,6,H,5,G,0,0,0.47152283787727356,0.0995848998427391
selected_positions_as_X,3AVN,"G,H",10,8,K,8,K,4,F,0,0,0.022306205704808235,0.05162001773715019
selected_positions_as_X,3AVN,"G,H",11,7,I,7,I,9,L,0,0,0.10836051404476166,0.03887946158647537
selected_positions_as_X,3AVN,"G,H",12,2,D,2,D,2,D,1,0,0.1392488181591034,0.1392488181591034
selected_positions_as_X,3AVN,"G,H",13,11,N,11,N,10,M,0,0,0.018281960859894753,0.048486772924661636
selected_positions_as_X,3AVN,"G,H",14,9,L,9,L,10,M,0,0,0.05173216015100479,0.07634387165307999
selected_positions_as_X,3AVN,"G,H",15,2,D,2,D,6,H,0,0,0.07525381445884705,0.06844321638345718
selected_positions_as_X,3P8F,I,0,5,G,5,G,5,G,1,0,0.016926826909184456,0.016926826909184456
selected_positions_as_X,3P8F,I,1,14,R,14,R,9,L,0,0,0.05938440561294556,0.021240422502160072
selected_positions_as_X,3P8F,I,2,1,C,1,C,1,C,1,0,0.04892429709434509,0.04892429709434509
selected_positions_as_X,3P8F,I,3,16,T,16,T,16,T,1,0,0.038073956966400146,0.038073956966400146
selected_positions_as_X,3P8F,I,4,8,K,8,K,9,L,0,0,0.03868059813976288,0.041726455092430115
selected_positions_as_X,3P8F,I,5,15,S,15,S,1,C,0,0,0.9832174777984619,0.03776640072464943
selected_positions_as_X,3P8F,I,6,7,I,7,I,10,M,0,0,0.06277543306350708,0.06438472121953964
selected_positions_as_X,3P8F,I,7,12,P,12,P,12,P,1,0,0.01897379569709301,0.01897379569709301
selected_positions_as_X,3P8F,I,8,12,P,12,P,4,F,0,0,0.3250209093093872,0.09193839132785797
selected_positions_as_X,3P8F,I,9,7,I,7,I,10,M,0,0,0.14917483925819397,0.13479693233966827
selected_positions_as_X,3P8F,I,10,1,C,1,C,9,L,0,0,0.052721474319696426,0.028661590069532394
selected_positions_as_X,3P8F,I,11,4,F,4,F,9,L,0,0,0.1045493483543396,0.05117140710353851
selected_positions_as_X,3P8F,I,12,12,P,12,P,18,W,0,0,0.027267711237072945,0.013715744018554688
selected_positions_as_X,3P8F,I,13,2,D,2,D,10,M,0,0,0.06841959804296494,0.04168142005801201
selected_positions_as_X,3WNE,"C,D",0,12,P,12,P,0,A,0,0,0.003895682981237769,0.012744618579745293
selected_positions_as_X,3WNE,"C,D",1,8,K,8,K,10,M,0,0,0.015557019971311092,0.04375870153307915
selected_positions_as_X,3WNE,"C,D",2,7,I,7,I,9,L,0,0,0.06638476252555847,0.03467526286840439
selected_positions_as_X,3WNE,"C,D",3,2,D,2,D,2,D,1,0,0.23008301854133606,0.23008301854133606
selected_positions_as_X,3WNE,"C,D",4,11,N,11,N,2,D,0,0,0.021578777581453323,0.08172367513179779
selected_positions_as_X,3WNE,"C,D",5,5,G,5,G,2,D,0,0,0.025490207597613335,0.09488123655319214
selected_positions_as_X,3WNE,"C,D",6,12,P,12,P,15,S,0,0,0.003864866914227605,0.998473584651947
selected_positions_as_X,3WNE,"C,D",7,8,K,8,K,1,C,0,0,0.013139288872480392,0.0540841706097126
selected_positions_as_X,3WNE,"C,D",8,7,I,7,I,9,L,0,0,0.07835625857114792,0.039118632674217224
selected_positions_as_X,3WNE,"C,D",9,2,D,2,D,2,D,1,0,0.22755318880081177,0.22755318880081177
selected_positions_as_X,3WNE,"C,D",10,11,N,11,N,2,D,0,0,0.014447003602981567,0.06109161674976349
selected_positions_as_X,3WNE,"C,D",11,5,G,5,G,14,R,0,0,0.016424095258116722,0.06769262999296188
selected_positions_as_X,3ZGC,C,0,5,G,5,G,5,G,1,0,0.05961088836193085,0.05961088836193085
selected_positions_as_X,3ZGC,C,1,2,D,2,D,7,I,0,0,0.08044250309467316,0.05734040215611458
selected_positions_as_X,3ZGC,C,2,3,E,3,E,14,R,0,0,0.07064889371395111,0.11393463611602783
selected_positions_as_X,3ZGC,C,3,3,E,3,E,9,L,0,0,0.05117733031511307,0.025398101657629013
selected_positions_as_X,3ZGC,C,4,16,T,16,T,9,L,0,0,0.027237387374043465,0.01986701413989067
selected_positions_as_X,3ZGC,C,5,5,G,5,G,5,G,1,0,0.030022740364074707,0.030022740364074707
selected_positions_as_X,3ZGC,C,6,3,E,3,E,9,L,0,0,0.04474374279379845,0.024370428174734116
selected_positions_as_X,4K1E,B,0,5,G,5,G,5,G,1,0,0.12793228030204773,0.12793228030204773
selected_positions_as_X,4K1E,B,1,4,F,4,F,9,L,0,0,0.07262271642684937,0.030329100787639618
selected_positions_as_X,4K1E,B,2,1,C,1,C,10,M,0,0,0.0475747212767601,0.03675190359354019
selected_positions_as_X,4K1E,B,3,13,Q,13,Q,9,L,0,0,0.07256172597408295,0.033402569591999054
selected_positions_as_X,4K1E,B,4,14,R,14,R,9,L,0,0,0.08508732914924622,0.05650975927710533
selected_positions_as_X,4K1E,B,5,15,S,15,S,1,C,0,0,0.9933352470397949,0.030577868223190308
selected_positions_as_X,4K1E,B,6,7,I,7,I,10,M,0,0,0.041096705943346024,0.03705839812755585
selected_positions_as_X,4K1E,B,7,12,P,12,P,12,P,1,0,0.030329227447509766,0.030329227447509766
selected_positions_as_X,4K1E,B,8,12,P,12,P,9,L,0,0,0.08252272754907608,0.026092849671840668
selected_positions_as_X,4K1E,B,9,7,I,7,I,9,L,0,0,0.09408003836870193,0.04531965032219887
selected_positions_as_X,4K1E,B,10,1,C,1,C,9,L,0,0,0.049726128578186035,0.02607940323650837
selected_positions_as_X,4K1E,B,11,4,F,4,F,9,L,0,0,0.144833505153656,0.0773407369852066
selected_positions_as_X,4K1E,B,12,12,P,12,P,14,R,0,0,0.028718501329421997,0.05891796573996544
selected_positions_as_X,4K1E,B,13,2,D,2,D,10,M,0,0,0.08852674067020416,0.04993613436818123
selected_positions_as_X,4KEL,B,0,5,G,5,G,5,G,1,0,0.11965824663639069,0.11965824663639069
selected_positions_as_X,4KEL,B,1,4,F,4,F,9,L,0,0,0.07612794637680054,0.030981887131929398
selected_positions_as_X,4KEL,B,2,1,C,1,C,10,M,0,0,0.050267234444618225,0.038130756467580795
selected_positions_as_X,4KEL,B,3,13,Q,13,Q,9,L,0,0,0.07124034315347672,0.0329645536839962
selected_positions_as_X,4KEL,B,4,14,R,14,R,9,L,0,0,0.08170420676469803,0.05305326357483864
selected_positions_as_X,4KEL,B,5,15,S,15,S,1,C,0,0,0.9933033585548401,0.03173499554395676
selected_positions_as_X,4KEL,B,6,7,I,7,I,10,M,0,0,0.04404399171471596,0.039084747433662415
selected_positions_as_X,4KEL,B,7,12,P,12,P,12,P,1,0,0.030508700758218765,0.030508700758218765
selected_positions_as_X,4KEL,B,8,12,P,12,P,0,A,0,0,0.09975673258304596,0.002700906479731202
selected_positions_as_X,4KEL,B,9,7,I,7,I,9,L,0,0,0.09373123198747635,0.04597616195678711
selected_positions_as_X,4KEL,B,10,1,C,1,C,9,L,0,0,0.050775207579135895,0.026463260874152184
selected_positions_as_X,4KEL,B,11,4,F,4,F,9,L,0,0,0.14967620372772217,0.08055657148361206
selected_positions_as_X,4KEL,B,12,12,P,12,P,14,R,0,0,0.03000662848353386,0.059970539063215256
selected_positions_as_X,4KEL,B,13,11,N,11,N,10,M,0,0,0.019760211929678917,0.0529496856033802
