target_name,selected_chains_initial,native_length_initial,short_candidate_chains
1SFI,,0,I:14:GRCTKSIPPICFPD
3AV9,,0,X:8:SAKIDNLD;Y:8:SAKIDNLD
3AVA,,0,X:8:ALKIDNLD;Y:8:ALKIDNLD
3AVB,,0,X:8:SLKIDNLD;Y:8:SLKIDNLD
3AVF,,0,D:8:DLKIDNLD;F:8:DLKIDNLD
3AVG,,0,D:8:ADKIDNLD;F:8:ADKIDNLD
3AVH,,0,E:8:ARKIDNLD;F:8:ARKIDNLD
3AVI,,0,D:8:SLKIDNMD;F:8:SLKIDNMD
3AVJ,,0,D:8:ALKIDNMD;F:8:ALKIDNMD
3AVK,,0,D:8:SLKIDNED;F:8:SLKIDNED
3AVM,,0,D:8:SRKIDNLD;F:8:SRKIDNLD
3AVN,,0,G:8:SHKIDNLD;H:8:SHKIDNLD
3P8F,,0,I:14:GRCTKSIPPICFPD
3WNE,,0,C:6:PKIDNG;D:6:PKIDNG
3ZGC,,0,C:7:GDEETGE
4K1E,,0,B:14:GFCQRSIPPICFPD
4KEL,,0,B:14:GFCQRSIPPICFPN
