audit_row_id,target_name,design_seq,methyl_positions_1based,global_rmsd_A,cyclic_rmsd_best_forward_A,joint_rmsd_category,pdb_file
PRE6_T05_0001,1SFI,RCCrGNCGQCQFGG,4,0.536454,2.818333,<3 Å,1sfi_23_RCCrGNCGQCQFGG_model.pdb
PRE6_T05_0002,1SFI,RCGrGcCrQGcNGG,"4,6,8,11",0.561972,3.692593,3–<5 Å,1sfi_54_RCGrGcCrQGcNGG_model.pdb
PRE6_T05_0003,1SFI,RCGrCQNGQCrNGG,"4,11",1.120439,3.839658,3–<5 Å,1sfi_11_RCGrCQNGQCrNGG_model.pdb
PRE6_T05_0004,1SFI,RrGrGrCGQCQFMQ,"2,4,6",1.482617,3.858675,3–<5 Å,1sfi_9_RrGrGrCGQCQFMQ_model.pdb
PRE6_T05_0005,1SFI,CCGrGrCrQGrGGR,"4,6,8,11",0.571526,3.967423,3–<5 Å,1sfi_67_CCGrGrCrQGrGGR_model.pdb
PRE6_T05_0006,1SFI,RCGrQQCrKGcQMC,"4,8,11",0.817327,4.217361,3–<5 Å,1sfi_31_RCGrQQCrKGcQMC_model.pdb
PRE6_T05_0007,1SFI,RCGrGQCrKGrNGC,"4,8,11",0.242432,4.252142,3–<5 Å,1sfi_57_RCGrGQCrKGrNGC_model.pdb
PRE6_T05_0008,1SFI,RrrrGQCrQCNRDG,"2,3,4,8",1.804618,4.27614,3–<5 Å,1sfi_71_RrrrGQCrQCNRDG_model.pdb
PRE6_T05_0009,1SFI,RQYrGKGrQGrRMG,"4,8,11",0.220501,4.414354,3–<5 Å,1sfi_7_RQYrGKGrQGrRMG_model.pdb
PRE6_T05_0010,1SFI,RGGrCcCGGGNQMG,"4,6",1.068117,4.467649,3–<5 Å,1sfi_84_RGGrCcCGGGNQMG_model.pdb
PRE6_T05_0011,1SFI,RCHrCNGCQCrQGC,"4,11",0.575885,4.523104,3–<5 Å,1sfi_94_RCHrCNGCQCrQGC_model.pdb
PRE6_T05_0012,1SFI,RrGcCrCrKGKFDG,"2,4,6,8",0.632424,4.531815,3–<5 Å,1sfi_22_RrGcCrCrKGKFDG_model.pdb
PRE6_T05_0013,1SFI,RCGrGQCrKGrQDG,"4,8,11",0.563301,4.611994,3–<5 Å,1sfi_64_RCGrGQCrKGrQDG_model.pdb
PRE6_T05_0014,1SFI,RCGrGrCrQCrQMC,"4,6,8,11",0.970258,4.626361,3–<5 Å,1sfi_59_RCGrGrCrQCrQMC_model.pdb
PRE6_T05_0015,1SFI,CCrrrGCrKCNNNG,"3,4,5,8",0.219308,4.752626,3–<5 Å,1sfi_12_CCrrrGCrKCNNNG_model.pdb
PRE6_T05_0016,1SFI,RrGrGrCGQCcQMG,"2,4,6,11",1.854448,4.755765,3–<5 Å,1sfi_4_RrGrGrCGQCcQMG_model.pdb
PRE6_T05_0017,1SFI,RCrrrNNGGCrQGG,"3,4,5,11",0.466931,4.763239,3–<5 Å,1sfi_49_RCrrrNNGGCrQGG_model.pdb
PRE6_T05_0018,1SFI,CCYrCrCrKGrFDG,"4,6,8,11",0.227719,4.776006,3–<5 Å,1sfi_78_CCYrCrCrKGrFDG_model.pdb
PRE6_T05_0019,1SFI,RCGQGQCrQCrRDG,"8,11",0.561238,4.917894,3–<5 Å,1sfi_75_RCGQGQCrQCrRDG_model.pdb
PRE6_T05_0101,3P8F,CrrrGrQGKGrRGC,"2,3,4,6,11",0.30011,2.075042,<3 Å,3p8f_26_CrrrGrQGKGrRGC_model.pdb
PRE6_T05_0102,3P8F,GrGrGcCCQGrCMR,"2,4,6,11",0.994646,2.713364,<3 Å,3p8f_42_GrGrGcCCQGrCMR_model.pdb
PRE6_T05_0103,3P8F,GrrrCrCGQCrNMG,"2,3,4,6,11",0.559204,3.255283,3–<5 Å,3p8f_95_GrrrCrCGQCrNMG_model.pdb
PRE6_T05_0104,3P8F,CrhQrGCRrCQCGN,"2,3,5,9",0.277181,3.523269,3–<5 Å,3p8f_53_CrhQrGCRrCQCGN_model.pdb
PRE6_T05_0105,3P8F,CCGrrQCRQCrCRC,"4,5,11",0.310882,3.806517,3–<5 Å,3p8f_32_CCGrrQCRQCrCRC_model.pdb
PRE6_T05_0106,3P8F,RCrrGKCGQGrGCG,"3,4,11",1.063219,3.846543,3–<5 Å,3p8f_89_RCrrGKCGQGrGCG_model.pdb
PRE6_T05_0107,3P8F,RrrrrGCGQCrCGG,"2,3,4,5,11",1.556496,3.854471,3–<5 Å,3p8f_94_RrrrrGCGQCrCGG_model.pdb
PRE6_T05_0108,3P8F,RCrrrrGGQCrCMN,"3,4,5,6,11",0.647948,3.86182,3–<5 Å,3p8f_38_RCrrrrGGQCrCMN_model.pdb
PRE6_T05_0109,3P8F,RrKrGQCRQGcrRG,"2,4,11,12",0.521736,3.964755,3–<5 Å,3p8f_72_RrKrGQCRQGcrRG_model.pdb
PRE6_T05_0110,3P8F,RrrrGNCCKCrCDG,"2,3,4,11",1.598833,4.080664,3–<5 Å,3p8f_57_RrrrGNCCKCrCDG_model.pdb
PRE6_T05_0111,3P8F,RrrrGNCGKCrRRG,"2,3,4,11",1.708311,4.303409,3–<5 Å,3p8f_31_RrrrGNCGKCrRRG_model.pdb
PRE6_T05_0112,3P8F,QrrrGQCGFCrQMG,"2,3,4,11",1.455592,4.355694,3–<5 Å,3p8f_23_QrrrGQCGFCrQMG_model.pdb
PRE6_T05_0113,3P8F,RrhrCKCCrCrCMG,"2,3,4,9,11",0.291127,4.362747,3–<5 Å,3p8f_93_RrhrCKCCrCrCMG_model.pdb
PRE6_T05_0114,3P8F,RCGrGGCRQCrRCC,"4,11",1.002445,4.449001,3–<5 Å,3p8f_11_RCGrGGCRQCrRCC_model.pdb
PRE6_T05_0115,3P8F,RrrrGKCGQGrCMG,"2,3,4,11",1.105102,4.496345,3–<5 Å,3p8f_47_RrrrGKCGQGrCMG_model.pdb
PRE6_T05_0116,3P8F,GrGrGNCRQCrFMG,"2,4,11",0.404629,4.668487,3–<5 Å,3p8f_80_GrGrGNCRQCrFMG_model.pdb
PRE6_T05_0117,3P8F,RCrrrNCGQCrQDG,"3,4,5,11",1.322729,4.756755,3–<5 Å,3p8f_75_RCrrrNCGQCrQDG_model.pdb
PRE6_T05_0118,3P8F,CrrrGQCGQCrrMG,"2,3,4,11,12",1.266255,4.790729,3–<5 Å,3p8f_59_CrrrGQCGQCrrMG_model.pdb
PRE6_T05_0119,3P8F,RrrrQNCGQGrCMG,"2,3,4,11",0.2889,4.883064,3–<5 Å,3p8f_22_RrrrQNCGQGrCMG_model.pdb
PRE6_T05_0120,3P8F,RCGrGGCGNCrCGG,"4,11",1.047535,4.920583,3–<5 Å,3p8f_58_RCGrGGCGNCrCGG_model.pdb
PRE6_T05_0201,3WNE,GrKWNC,2,0.933407,1.458877,<3 Å,3wne_84_GrKWNC_model.pdb
PRE6_T05_0202,3WNE,GrGKFG,2,0.903664,2.915341,<3 Å,3wne_36_GrGKFG_model.pdb
PRE6_T05_0203,3WNE,GrGWQG,2,0.903765,2.946273,<3 Å,3wne_44_GrGWQG_model.pdb
PRE6_T05_0204,3WNE,GrGKGG,2,0.91161,3.406611,3–<5 Å,3wne_16_GrGKGG_model.pdb
PRE6_T05_0205,3WNE,GrNWRG,2,1.041066,3.867533,3–<5 Å,3wne_9_GrNWRG_model.pdb
PRE6_T05_0228,3ZGC,rEGGQNR,1,0.972879,2.075724,<3 Å,3zgc_22_rEGGQNR_model.pdb
PRE6_T05_0229,3ZGC,NrGGGQR,2,1.487546,2.231102,<3 Å,3zgc_13_NrGGGQR_model.pdb
PRE6_T05_0230,3ZGC,rrGGLGR,"1,2",0.987746,3.102631,3–<5 Å,3zgc_7_rrGGLGR_model.pdb
PRE6_T05_0231,3ZGC,rrNGGGR,"1,2",0.967594,3.232899,3–<5 Å,3zgc_5_rrNGGGR_model.pdb
PRE6_T05_0232,3ZGC,cGGGQDR,1,1.588881,3.516268,3–<5 Å,3zgc_41_cGGGQDR_model.pdb
PRE6_T05_0233,3ZGC,rGcGQGR,"1,3",1.599935,3.758776,3–<5 Å,3zgc_11_rGcGQGR_model.pdb
PRE6_T05_0234,3ZGC,EcGQGMR,2,1.19376,3.769038,3–<5 Å,3zgc_36_EcGQGMR_model.pdb
PRE6_T05_0235,3ZGC,cCGGGNR,1,1.47605,4.100179,3–<5 Å,3zgc_27_cCGGGNR_model.pdb
PRE6_T05_0236,3ZGC,rGGGNLR,1,2.225712,4.122725,3–<5 Å,3zgc_30_rGGGNLR_model.pdb
PRE6_T05_0237,3ZGC,rrGGQDR,"1,2",0.918704,4.129409,3–<5 Å,3zgc_52_rrGGQDR_model.pdb
PRE6_T05_0238,3ZGC,rGGGQGR,1,2.534531,4.261826,3–<5 Å,3zgc_42_rGGGQGR_model.pdb
PRE6_T05_0239,3ZGC,GrGGNQR,2,1.846575,4.281247,3–<5 Å,3zgc_45_GrGGNQR_model.pdb
PRE6_T05_0240,3ZGC,rGGGGMR,1,2.741598,4.366653,3–<5 Å,3zgc_21_rGGGGMR_model.pdb
PRE6_T05_0241,3ZGC,cGGGQQR,1,2.443082,4.369894,3–<5 Å,3zgc_8_cGGGQQR_model.pdb
PRE6_T05_0242,3ZGC,rGGGQFR,1,2.3369,4.454335,3–<5 Å,3zgc_44_rGGGQFR_model.pdb
PRE6_T05_0243,3ZGC,cGGGGDR,1,2.343594,4.456152,3–<5 Å,3zgc_31_cGGGGDR_model.pdb
PRE6_T05_0244,3ZGC,cGGGQGR,1,2.2843,4.468517,3–<5 Å,3zgc_26_cGGGQGR_model.pdb
PRE6_T05_0245,3ZGC,rGGGGDR,1,1.651155,4.617705,3–<5 Å,3zgc_56_rGGGGDR_model.pdb
PRE6_T05_0246,3ZGC,cGGGGLR,1,2.966583,4.650604,3–<5 Å,3zgc_19_cGGGGLR_model.pdb
PRE6_T05_0247,3ZGC,rGDGGGR,1,1.801265,4.685564,3–<5 Å,3zgc_54_rGDGGGR_model.pdb
PRE6_T05_0248,3ZGC,rGGGQCR,1,2.552839,4.749667,3–<5 Å,3zgc_16_rGGGQCR_model.pdb
PRE6_T05_0249,3ZGC,cGGGKGR,1,2.274284,4.766971,3–<5 Å,3zgc_35_cGGGKGR_model.pdb
PRE6_T05_0250,3ZGC,rGGGQMR,1,2.744194,4.897598,3–<5 Å,3zgc_18_rGGGQMR_model.pdb
PRE6_T05_0277,4K1E,rcrrrQCrQGNCDR,"1,2,3,4,5,8",0.899695,1.916051,<3 Å,4k1e_72_rcrrrQCrQGNCDR_model.pdb
PRE6_T05_0278,4K1E,rcrrCrCrFGQCMR,"1,2,3,4,6,8",0.636799,2.157312,<3 Å,4k1e_13_rcrrCrCrFGQCMR_model.pdb
PRE6_T05_0279,4K1E,rcCrGrQrNGERLR,"1,2,4,6,8",0.820719,2.329972,<3 Å,4k1e_11_rcCrGrQrNGERLR_model.pdb
PRE6_T05_0280,4K1E,rcCrrrQrQCQCDR,"1,2,4,5,6,8",0.693657,2.595964,<3 Å,4k1e_92_rcCrrrQrQCQCDR_model.pdb
PRE6_T05_0281,4K1E,rcrrGrCrQGhCLR,"1,2,3,4,6,8,11",0.679918,2.801142,<3 Å,4k1e_73_rcrrGrCrQGhCLR_model.pdb
PRE6_T05_0282,4K1E,CcCrrrRrQCrRLC,"2,4,5,6,8,11",0.658586,2.960412,<3 Å,4k1e_57_CcCrrrRrQCrRLC_model.pdb
PRE6_T05_0283,4K1E,CcGrCQCrEGFRDR,"2,4,8",0.919609,3.272761,3–<5 Å,4k1e_1_CcGrCQCrEGFRDR_model.pdb
PRE6_T05_0284,4K1E,rcrrrcCrFGQCDR,"1,2,3,4,5,6,8",0.675626,3.338163,3–<5 Å,4k1e_62_rcrrrcCrFGQCDR_model.pdb
PRE6_T05_0285,4K1E,rcrrCrRrQGcCWR,"1,2,3,4,6,8,11",0.643714,3.368333,3–<5 Å,4k1e_80_rcrrCrRrQGcCWR_model.pdb
PRE6_T05_0286,4K1E,rcQrrrGrQCQCDR,"1,2,4,5,6,8",0.645863,3.510995,3–<5 Å,4k1e_30_rcQrrrGrQCQCDR_model.pdb
PRE6_T05_0287,4K1E,rrGrGrCrFCLRGR,"1,2,4,6,8",1.221317,3.660522,3–<5 Å,4k1e_81_rrGrGrCrFCLRGR_model.pdb
PRE6_T05_0288,4K1E,rrrrGNQrQGQCMC,"1,2,3,4,8",0.690137,3.672334,3–<5 Å,4k1e_7_rrrrGNQrQGQCMC_model.pdb
PRE6_T05_0289,4K1E,rcrrCrQrrCQCMR,"1,2,3,4,6,8,9",0.665149,3.714083,3–<5 Å,4k1e_12_rcrrCrQrrCQCMR_model.pdb
PRE6_T05_0290,4K1E,rrrrCrCrRCQCMR,"1,2,3,4,6,8",0.697466,3.818016,3–<5 Å,4k1e_40_rrrrCrCrRCQCMR_model.pdb
PRE6_T05_0291,4K1E,rcrrrrCrQCQRDR,"1,2,3,4,5,6,8",1.43226,3.950272,3–<5 Å,4k1e_22_rcrrrrCrQCQRDR_model.pdb
PRE6_T05_0292,4K1E,rcCrrGQrrCQrDR,"1,2,4,5,8,9,12",0.690823,4.044831,3–<5 Å,4k1e_99_rcCrrGQrrCQrDR_model.pdb
PRE6_T05_0293,4K1E,rcNrrrCrQGQCDR,"1,2,4,5,6,8",1.626857,4.420349,3–<5 Å,4k1e_85_rcNrrrCrQGQCDR_model.pdb
PRE6_T05_0294,4K1E,rcKrrrCrCCLNWR,"1,2,4,5,6,8",0.679484,4.464005,3–<5 Å,4k1e_38_rcKrrrCrCCLNWR_model.pdb
PRE6_T05_0295,4K1E,rcCrGrCrQCNCDR,"1,2,4,6,8",0.760884,4.526324,3–<5 Å,4k1e_17_rcCrGrCrQCNCDR_model.pdb
PRE6_T05_0296,4K1E,rQrrGrCrKCNCDR,"1,3,4,6,8",1.877563,4.59366,3–<5 Å,4k1e_20_rQrrGrCrKCNCDR_model.pdb
PRE6_T05_0297,4K1E,rQCrGrCrQGFrDR,"1,4,6,8,12",0.774282,4.694315,3–<5 Å,4k1e_79_rQCrGrCrQGFrDR_model.pdb
PRE6_T05_0298,4K1E,rcGrCrCrQCQCMR,"1,2,4,6,8",0.762506,4.750535,3–<5 Å,4k1e_94_rcGrCrCrQCQCMR_model.pdb
PRE6_T05_0299,4K1E,rcrrGrCrFCQCGC,"1,2,3,4,6,8",1.155935,4.926577,3–<5 Å,4k1e_33_rcrrGrCrFCQCGC_model.pdb
PRE6_T05_0300,4K1E,rcCrCrNrQGECDR,"1,2,4,6,8",1.093825,4.96952,3–<5 Å,4k1e_96_rcCrCrNrQGECDR_model.pdb
PRE6_T05_0377,4KEL,RcrrGNCrQGFCDR,"2,3,4,8",0.6545,2.379375,<3 Å,4kel_68_RcrrGNCrQGFCDR_model.pdb
PRE6_T05_0378,4KEL,CcCrCNQrFGQRDR,"2,4,8",1.187814,2.477095,<3 Å,4kel_3_CcCrCNQrFGQRDR_model.pdb
PRE6_T05_0379,4KEL,RcrrGrCWFCQRGR,"2,3,4,6",0.987594,3.42144,3–<5 Å,4kel_50_RcrrGrCWFCQRGR_model.pdb
PRE6_T05_0380,4KEL,RrGrrrRrQGrRDR,"2,4,5,6,8,11",0.694645,4.1737,3–<5 Å,4kel_37_RrGrrrRrQGrRDR_model.pdb
PRE6_T05_0381,4KEL,RcrrrQCrQGrCLR,"2,3,4,5,8,11",0.656546,4.266623,3–<5 Å,4kel_27_RcrrrQCrQGrCLR_model.pdb
PRE6_T05_0382,4KEL,RrrrCQCQrGLCGR,"2,3,4,9",0.666023,4.366706,3–<5 Å,4kel_31_RrrrCQCQrGLCGR_model.pdb
PRE6_T05_0383,4KEL,RcrKGrNrQGQCDR,"2,3,6,8",1.425728,4.59464,3–<5 Å,4kel_81_RcrKGrNrQGQCDR_model.pdb
PRE6_T05_0384,4KEL,RcCrGQNrQGQCGR,"2,4,8",1.06129,4.715343,3–<5 Å,4kel_73_RcCrGQNrQGQCGR_model.pdb
PRE6_T05_0385,4KEL,CGrrGrCrQGrCGR,"3,4,6,8,11",1.545097,4.871142,3–<5 Å,4kel_48_CGrrGrCrQGrCGR_model.pdb
PRE6_T05_0386,4KEL,RcrrrrCrFCrRDR,"2,3,4,5,6,8,11",0.679289,4.983866,3–<5 Å,4kel_80_RcrrrrCrFCrRDR_model.pdb
