Methylation position frequency,,,,
Physical peptide positions are 1-based; denominators include only retained methylated candidates.,,,,
target_name,position_1based,methylated_occurrences,methylated_candidate_denominator,position_frequency
1SFI,1,0,100,0
1SFI,2,29,100,0.29
1SFI,3,25,100,0.25
1SFI,4,96,100,0.96
1SFI,5,13,100,0.13
1SFI,6,39,100,0.39
1SFI,7,0,100,0
1SFI,8,58,100,0.58
1SFI,9,7,100,0.07
1SFI,10,0,100,0
1SFI,11,57,100,0.57
1SFI,12,1,100,0.01
1SFI,13,0,100,0
1SFI,14,0,100,0
3P8F,1,0,100,0
3P8F,2,68,100,0.68
3P8F,3,54,100,0.54
3P8F,4,94,100,0.94
3P8F,5,19,100,0.19
3P8F,6,33,100,0.33
3P8F,7,0,100,0
3P8F,8,1,100,0.01
3P8F,9,9,100,0.09
3P8F,10,0,100,0
3P8F,11,81,100,0.81
3P8F,12,16,100,0.16
3P8F,13,0,100,0
3P8F,14,0,100,0
3WNE,1,0,27,0
3WNE,2,27,27,1
3WNE,3,0,27,0
3WNE,4,0,27,0
3WNE,5,0,27,0
3WNE,6,0,27,0
3ZGC,1,44,49,0.8979591837
3ZGC,2,14,49,0.2857142857
3ZGC,3,2,49,0.0408163265
3ZGC,4,0,49,0
3ZGC,5,0,49,0
3ZGC,6,0,49,0
3ZGC,7,0,49,0
4K1E,1,91,100,0.91
4K1E,2,96,100,0.96
4K1E,3,50,100,0.5
4K1E,4,98,100,0.98
4K1E,5,34,100,0.34
4K1E,6,72,100,0.72
4K1E,7,0,100,0
4K1E,8,94,100,0.94
4K1E,9,3,100,0.03
4K1E,10,0,100,0
4K1E,11,21,100,0.21
4K1E,12,8,100,0.08
4K1E,13,0,100,0
4K1E,14,0,100,0
4KEL,1,0,100,0
4KEL,2,92,100,0.92
4KEL,3,54,100,0.54
4KEL,4,97,100,0.97
4KEL,5,24,100,0.24
4KEL,6,70,100,0.7
4KEL,7,0,100,0
4KEL,8,90,100,0.9
4KEL,9,5,100,0.05
4KEL,10,0,100,0
4KEL,11,29,100,0.29
4KEL,12,4,100,0.04
4KEL,13,0,100,0
4KEL,14,0,100,0
