Full RMSD summary,,,,,,,,,,,,,,,,,,,,,,,,,,,,,,,,,,,,,,,
"Mean, SD, median, quartiles, range, counts, rates, and Wilson 95% intervals.",,,,,,,,,,,,,,,,,,,,,,,,,,,,,,,,,,,,,,,
target_name,n,global_rmsd_A_mean,global_rmsd_A_sd,global_rmsd_A_median,global_rmsd_A_q1,global_rmsd_A_q3,global_rmsd_A_min,global_rmsd_A_max,cyclic_rmsd_A_mean,cyclic_rmsd_A_sd,cyclic_rmsd_A_median,cyclic_rmsd_A_q1,cyclic_rmsd_A_q3,cyclic_rmsd_A_min,cyclic_rmsd_A_max,global_lt3_n,global_lt3_rate,global_lt3_wilson95_low,global_lt3_wilson95_high,global_lt5_n,global_lt5_rate,global_lt5_wilson95_low,global_lt5_wilson95_high,cyclic_lt3_n,cyclic_lt3_rate,cyclic_lt3_wilson95_low,cyclic_lt3_wilson95_high,cyclic_lt5_n,cyclic_lt5_rate,cyclic_lt5_wilson95_low,cyclic_lt5_wilson95_high,joint_lt3_n,joint_lt3_rate,joint_lt3_wilson95_low,joint_lt3_wilson95_high,joint_lt5_n,joint_lt5_rate,joint_lt5_wilson95_low,joint_lt5_wilson95_high
1SFI,100,1.0370837,0.5778507095,0.884092,0.58056875,1.45719025,0.217747,2.454575,6.67325116,2.066698383,6.2889755,5.238731,7.81390975,2.818333,14.345902,100,1,0.9630065018,1,100,1,0.9630065018,1,1,0.01,0.0017674321,0.0544861962,19,0.19,0.1251475151,0.2777884538,1,0.01,0.0017674321,0.0544861962,19,0.19,0.1251475151,0.2777884538
3P8F,100,0.94577582,0.57199755,0.9812345,0.44498175,1.36356175,0.267409,4.093342,6.89888222,4.6575007041,6.374994,5.30050575,7.282006,2.075042,38.488232,99,0.99,0.9455138038,0.9982325679,100,1,0.9630065018,1,2,0.02,0.0055019676,0.0700117907,20,0.2,0.1333669333,0.2888291656,2,0.02,0.0055019676,0.0700117907,20,0.2,0.1333669333,0.2888291656
3WNE,27,0.9155168519,0.0355425504,0.903765,0.8926405,0.9273625,0.876588,1.041066,27.6559838519,15.0374332745,29.002404,22.3374225,39.9161005,1.458877,45.410557,27,1,0.8754449703,1,27,1,0.8754449703,1,3,0.1111111111,0.0385203483,0.2805780082,5,0.1851851852,0.0818070714,0.3669868362,3,0.1111111111,0.0385203483,0.2805780082,5,0.1851851852,0.0818070714,0.3669868362
3ZGC,49,2.2461135102,0.7013166581,2.3369,1.661986,2.741598,0.918704,3.830939,5.3877036531,1.7792449587,5.219251,4.366653,6.377095,2.075724,13.217873,43,0.8775510204,0.7575560271,0.9426517421,49,1,0.9273021808,1,2,0.0408163265,0.0112656334,0.1371303231,23,0.4693877551,0.3370350369,0.6061913602,2,0.0408163265,0.0112656334,0.1371303231,23,0.4693877551,0.3370350369,0.6061913602
4K1E,100,1.16334832,0.4860880783,1.0405255,0.6906515,1.51669625,0.626216,2.399146,6.69039562,2.4813078428,6.802955,5.0705835,7.80947175,1.916051,16.081347,100,1,0.9630065018,1,100,1,0.9630065018,1,6,0.06,0.027786124,0.1247681545,24,0.24,0.1669132556,0.3323233635,6,0.06,0.027786124,0.1247681545,24,0.24,0.1669132556,0.3323233635
4KEL,100,1.16342609,0.488929728,1.1327705,0.70091225,1.49104925,0.504047,2.937464,8.48321744,3.0563297086,7.7910855,6.36093625,10.363807,2.379375,18.136907,100,1,0.9630065018,1,100,1,0.9630065018,1,2,0.02,0.0055019676,0.0700117907,10,0.1,0.0552291371,0.1743656615,2,0.02,0.0055019676,0.0700117907,10,0.1,0.0552291371,0.1743656615
OVERALL,476,1.1885334244,0.6509568063,1.021724,0.6917795,1.534172,0.217747,4.093342,8.162360687,6.7092247044,6.738205,5.26115125,8.12945825,1.458877,45.410557,469,0.9852941176,0.9699594042,0.9928586089,476,1,0.9919943166,1,16,0.0336134454,0.0207944211,0.0538999559,101,0.2121848739,0.1778344427,0.2511436187,16,0.0336134454,0.0207944211,0.0538999559,101,0.2121848739,0.1778344427,0.2511436187
