input_mode,batch_index,sample_index_in_batch,name,selected_chains,visible_chains,chain_info,selected_length,total_length
raw_original_input,0,0,Me_1021AAAsresult_proc0006_0083,A,,A:11M,11,11
raw_original_input,0,1,Me_1078AAAsresult_proc0017_0014,A,,A:11M,11,11
raw_original_input,0,2,Me_1025AAAsresult_proc0010_0055,A,,A:9M,9,9
raw_original_input,0,3,Me_1435AAAsresult_proc0002_0025,A,,A:9M,9,9
raw_original_input,0,4,pdb_20260109100303_top1_methy_seq_67_result_0473,A,,A:11M,11,11
raw_original_input,0,5,pdb_20260105103319_top1_methy_seq_7_result_0003,A,,A:10M,10,10
raw_original_input,0,6,pdb_20260109100303_top1_methy_seq_72_result_0626,A,,A:9M,9,9
raw_original_input,0,7,pdb_20260109100303_top1_methy_seq_20_result_0122,A,,A:13M,13,13
raw_original_input,0,8,Me_1033AAAsresult_proc0002_0055,A,,A:8M,8,8
raw_original_input,0,9,pdb_20260117024632_top1_methy_seq_29_result_0610,A,,A:12M,12,12
raw_original_input,0,10,pdb_20260105103319_top1_methy_seq_67_result_0202,A,,A:9M,9,9
raw_original_input,0,11,Me_1325AAAsresult_proc0007_0010,A,,A:9M,9,9
raw_original_input,0,12,Me_1084AAAsresult_proc0012_0017,A,,A:10M,10,10
raw_original_input,0,13,Me_1271AAAsresult_proc0016_0004,A,,A:8M,8,8
raw_original_input,0,14,pdb_20260105103319_top1_methy_seq_21_result_0484,A,,A:10M,10,10
raw_original_input,0,15,Me_1281AAAsresult_proc0017_0007,A,,A:11M,11,11
raw_original_input,1,0,pdb_20260105103319_top1_methy_seq_40_result_0114,A,,A:12M,12,12
raw_original_input,1,1,pdb_20260105103319_top1_methy_seq_1_result_0439,A,,A:11M,11,11
raw_original_input,1,2,pdb_20260121180800_top1_methy_seq_24_result_0478,A,,A:12M,12,12
raw_original_input,1,3,pdb_20260105103319_top1_methy_seq_71_result_0463,A,,A:11M,11,11
raw_original_input,1,4,Me_1327AAAsresult_proc0014_0008,A,,A:9M,9,9
raw_original_input,1,5,Me_107AAAsresult_proc0002_0021,A,,A:7M,7,7
raw_original_input,1,6,Me_1425AAAsresult_proc0002_0006,A,,A:11M,11,11
raw_original_input,1,7,Me_1229AAAsresult_proc0009_0001,A,,A:10M,10,10
raw_original_input,1,8,Me_1138AAAsresult_proc0005_0014,A,,A:8M,8,8
raw_original_input,1,9,pdb_20260117024632_top1_methy_seq_23_result_0171,A,,A:13M,13,13
raw_original_input,1,10,pdb_20260116152215_top1_methy_seq_2_result_0063,A,,A:9M,9,9
raw_original_input,1,11,Me_1369AAAsresult_proc0003_0011,A,,A:8M,8,8
raw_original_input,1,12,pdb_20260121180800_top1_methy_seq_80_result_0655,A,,A:12M,12,12
raw_original_input,1,13,Me_1047AAAsresult_proc0005_0046,A,,A:11M,11,11
raw_original_input,1,14,Me_1370AAAsresult_proc0007_0033,A,,A:8M,8,8
raw_original_input,1,15,pdb_20260105103319_top1_methy_seq_4_result_0450,A,,A:13M,13,13
raw_original_input,2,0,pdb_20260105103319_top1_methy_seq_79_result_0099,A,,A:13M,13,13
raw_original_input,2,1,Me_1104AAAsresult_proc0001_0002,A,,A:10M,10,10
raw_original_input,2,2,pdb_20260121180800_top1_methy_seq_63_result_0524,A,,A:13M,13,13
raw_original_input,2,3,pdb_20260121180800_top1_methy_seq_36_result_0143,A,,A:10M,10,10
raw_original_input,2,4,pdb_20260105103319_top1_methy_seq_69_result_0459,A,,A:10M,10,10
raw_original_input,2,5,Me_1416AAAsresult_proc0006_0012,A,,A:11M,11,11
raw_original_input,2,6,pdb_20260105103319_top1_methy_seq_35_result_0188,A,,A:10M,10,10
raw_original_input,2,7,pdb_20260109100303_top1_methy_seq_30_result_0935,A,,A:12M,12,12
raw_original_input,2,8,pdb_20260117024632_top1_methy_seq_0_result_0478,A,,A:12M,12,12
raw_original_input,2,9,Me_1392AAAsresult_proc0002_0024,A,,A:8M,8,8
raw_original_input,2,10,Me_1182AAAsresult_proc0017_0039,A,,A:11M,11,11
raw_original_input,2,11,Me_113AAAsresult_proc0004_0051,A,,A:7M,7,7
raw_original_input,2,12,Me_1225AAAsresult_proc0007_0011,A,,A:9M,9,9
raw_original_input,2,13,Me_1123AAAsresult_proc0014_0037,A,,A:8M,8,8
raw_original_input,2,14,pdb_20260117024632_top1_methy_seq_34_result_0532,A,,A:11M,11,11
raw_original_input,2,15,Me_1234AAAsresult_proc0011_0040,A,,A:8M,8,8
raw_original_input,3,0,pdb_20260105103319_top1_methy_seq_24_result_0205,A,,A:13M,13,13
raw_original_input,3,1,Me_1110AAAsresult_proc0003_0012,A,,A:11M,11,11
raw_original_input,3,2,Me_1134AAAsresult_proc0009_0020,A,,A:11M,11,11
raw_original_input,3,3,pdb_20260105103319_top1_methy_seq_42_result_0029,A,,A:12M,12,12
raw_original_input,3,4,pdb_20260109100303_top1_methy_seq_75_result_0443,A,,A:13M,13,13
raw_original_input,3,5,pdb_20260105103319_top1_methy_seq_93_result_0369,A,,A:9M,9,9
raw_original_input,3,6,Me_1077AAAsresult_proc0003_0002,A,,A:9M,9,9
raw_original_input,3,7,Me_100AAAsresult_proc0006_0055,A,,A:6M,6,6
raw_original_input,3,8,Me_1194AAAsresult_proc0001_0023,A,,A:11M,11,11
raw_original_input,3,9,pdb_20260109100303_top1_methy_seq_60_result_0792,A,,A:9M,9,9
raw_original_input,3,10,pdb_20260121180800_top1_methy_seq_92_result_0192,A,,A:13M,13,13
raw_original_input,3,11,pdb_20260117024632_top1_methy_seq_27_result_0395,A,,A:12M,12,12
raw_original_input,3,12,Me_1043AAAsresult_proc0013_0065,A,,A:10M,10,10
raw_original_input,3,13,Me_1247AAAsresult_proc0009_0007,A,,A:9M,9,9
raw_original_input,3,14,Me_1112AAAsresult_proc0015_0043,A,,A:9M,9,9
raw_original_input,3,15,Me_128AAAsresult_proc0012_0047,A,,A:8M,8,8
raw_original_input,4,0,pdb_20260105103319_top1_methy_seq_97_result_0191,A,,A:10M,10,10
raw_original_input,4,1,Me_1422AAAsresult_proc0013_0012,A,,A:9M,9,9
raw_original_input,4,2,pdb_20260117024632_top1_methy_seq_33_result_0543,A,,A:9M,9,9
raw_original_input,4,3,pdb_20260121180800_top1_methy_seq_48_result_0288,A,,A:12M,12,12
raw_original_input,4,4,Me_1209AAAsresult_proc0009_0021,A,,A:9M,9,9
raw_original_input,4,5,pdb_20260109100303_top1_methy_seq_21_result_0011,A,,A:9M,9,9
raw_original_input,4,6,Me_1331AAAsresult_proc0011_0001,A,,A:8M,8,8
raw_original_input,4,7,Me_1080AAAsresult_proc0010_0022,A,,A:8M,8,8
raw_original_input,4,8,pdb_20260109100303_top1_methy_seq_58_result_0037,A,,A:10M,10,10
raw_original_input,4,9,Me_1205AAAsresult_proc0002_0023,A,,A:9M,9,9
raw_original_input,4,10,Me_1052AAAsresult_proc0011_0039,A,,A:8M,8,8
raw_original_input,4,11,pdb_20260121180800_top1_methy_seq_39_result_0347,A,,A:10M,10,10
raw_original_input,4,12,pdb_20260109100303_top1_methy_seq_10_result_0537,A,,A:9M,9,9
raw_original_input,4,13,Me_1088AAAsresult_proc0001_0007,A,,A:8M,8,8
raw_original_input,4,14,Me_1376AAAsresult_proc0012_0022,A,,A:10M,10,10
raw_original_input,4,15,pdb_20260121180800_top1_methy_seq_66_result_0820,A,,A:9M,9,9
raw_original_input,5,0,pdb_20260121180800_top1_methy_seq_75_result_0737,A,,A:9M,9,9
raw_original_input,5,1,pdb_20260117024632_top1_methy_seq_30_result_0861,A,,A:10M,10,10
raw_original_input,5,2,pdb_20260109100303_top1_methy_seq_56_result_0902,A,,A:13M,13,13
raw_original_input,5,3,Me_1311AAAsresult_proc0013_0024,A,,A:10M,10,10
raw_original_input,5,4,pdb_20260105103319_top1_methy_seq_33_result_0433,A,,A:9M,9,9
raw_original_input,5,5,Me_1059AAAsresult_proc0008_0012,A,,A:8M,8,8
raw_original_input,5,6,Me_1299AAAsresult_proc0006_0010,A,,A:10M,10,10
raw_original_input,5,7,pdb_20260121180800_top1_methy_seq_29_result_0335,A,,A:9M,9,9
raw_original_input,5,8,Me_1048AAAsresult_proc0010_0065,A,,A:8M,8,8
raw_original_input,5,9,pdb_20260105103319_top1_methy_seq_92_result_0145,A,,A:11M,11,11
raw_original_input,5,10,pdb_20260117024632_top1_methy_seq_50_result_0176,A,,A:9M,9,9
raw_original_input,5,11,Me_121AAAsresult_proc0009_0056,A,,A:6M,6,6
raw_original_input,5,12,pdb_20260109100303_top1_methy_seq_22_result_0845,A,,A:12M,12,12
raw_original_input,5,13,Me_1387AAAsresult_proc0001_0006,A,,A:10M,10,10
raw_original_input,5,14,pdb_20260109100303_top1_methy_seq_0_result_0489,A,,A:13M,13,13
raw_original_input,5,15,Me_123AAAsresult_proc0002_0036,A,,A:8M,8,8
raw_original_input,6,0,Me_1408AAAsresult_proc0013_0022,A,,A:11M,11,11
raw_original_input,6,1,pdb_20260105103319_top1_methy_seq_90_result_0201,A,,A:10M,10,10
raw_original_input,6,2,pdb_20260109100303_top1_methy_seq_83_result_0325,A,,A:9M,9,9
raw_original_input,6,3,Me_1324AAAsresult_proc0005_0006,A,,A:9M,9,9
raw_original_input,6,4,Me_1049AAAsresult_proc0004_0027,A,,A:8M,8,8
raw_original_input,6,5,Me_1428AAAsresult_proc0005_0005,A,,A:8M,8,8
raw_original_input,6,6,pdb_20260105103319_top1_methy_seq_88_result_0440,A,,A:13M,13,13
raw_original_input,6,7,Me_1064AAAsresult_proc0001_0014,A,,A:9M,9,9
raw_original_input,6,8,Me_1120AAAsresult_proc0008_0044,A,,A:10M,10,10
raw_original_input,6,9,pdb_20260109100303_top1_methy_seq_98_result_0490,A,,A:9M,9,9
raw_original_input,6,10,pdb_20260105103319_top1_methy_seq_18_result_0035,A,,A:13M,13,13
raw_original_input,6,11,pdb_20260105103319_top1_methy_seq_22_result_0403,A,,A:9M,9,9
raw_original_input,6,12,Me_1189AAAsresult_proc0002_0005,A,,A:9M,9,9
raw_original_input,6,13,pdb_20260109100303_top1_methy_seq_38_result_0874,A,,A:13M,13,13
raw_original_input,6,14,Me_1042AAAsresult_proc0017_0102,A,,A:8M,8,8
raw_original_input,6,15,Me_1002AAAsresult_proc0002_0072,A,,A:8M,8,8
raw_original_input,7,0,pdb_20260121180800_top1_methy_seq_87_result_0791,A,,A:13M,13,13
raw_original_input,7,1,pdb_20260109100303_top1_methy_seq_93_result_0759,A,,A:9M,9,9
raw_original_input,7,2,Me_1100AAAsresult_proc0016_0036,A,,A:10M,10,10
raw_original_input,7,3,Me_1207AAAsresult_proc0003_0015,A,,A:8M,8,8
raw_original_input,7,4,Me_1360AAAsresult_proc0011_0001,A,,A:8M,8,8
raw_original_input,7,5,Me_1222AAAsresult_proc0013_0053,A,,A:9M,9,9
raw_original_input,7,6,Me_1151AAAsresult_proc0001_0015,A,,A:10M,10,10
raw_original_input,7,7,Me_1145AAAsresult_proc0014_0012,A,,A:11M,11,11
raw_original_input,7,8,Me_1338AAAsresult_proc0016_0005,A,,A:10M,10,10
raw_original_input,7,9,pdb_20260121180800_top1_methy_seq_62_result_0946,A,,A:9M,9,9
raw_original_input,7,10,Me_112AAAsresult_proc0015_0021,A,,A:6M,6,6
raw_original_input,7,11,Me_1283AAAsresult_proc0010_0019,A,,A:8M,8,8
raw_original_input,7,12,Me_1185AAAsresult_proc0002_0012,A,,A:11M,11,11
raw_original_input,7,13,Me_1218AAAsresult_proc0006_0005,A,,A:11M,11,11
raw_original_input,7,14,Me_1398AAAsresult_proc0012_0021,A,,A:9M,9,9
raw_original_input,7,15,pdb_20260109100303_top1_methy_seq_40_result_0893,A,,A:10M,10,10
raw_original_input,8,0,Me_1295AAAsresult_proc0015_0007,A,,A:11M,11,11
raw_original_input,8,1,pdb_20260109100303_top1_methy_seq_90_result_0181,A,,A:11M,11,11
raw_original_input,8,2,pdb_20260121180800_top1_methy_seq_76_result_0567,A,,A:10M,10,10
raw_original_input,8,3,Me_1213AAAsresult_proc0008_0019,A,,A:11M,11,11
raw_original_input,8,4,pdb_20260109100303_top1_methy_seq_42_result_1000,A,,A:13M,13,13
raw_original_input,8,5,Me_1090AAAsresult_proc0009_0009,A,,A:10M,10,10
raw_original_input,8,6,Me_1204AAAsresult_proc0014_0045,A,,A:8M,8,8
raw_original_input,8,7,Me_1246AAAsresult_proc0004_0008,A,,A:8M,8,8
raw_original_input,8,8,Me_1099AAAsresult_proc0002_0026,A,,A:10M,10,10
raw_original_input,8,9,Me_1040AAAsresult_proc0005_0012,A,,A:11M,11,11
raw_original_input,8,10,pdb_20260105103319_top1_methy_seq_76_result_0484,A,,A:11M,11,11
raw_original_input,8,11,Me_1093AAAsresult_proc0002_0026,A,,A:11M,11,11
raw_original_input,8,12,Me_1263AAAsresult_proc0003_0005,A,,A:10M,10,10
raw_original_input,8,13,Me_1014AAAsresult_proc0011_0075,A,,A:11M,11,11
raw_original_input,8,14,pdb_20260121180800_top1_methy_seq_27_result_0103,A,,A:13M,13,13
raw_original_input,8,15,Me_1258AAAsresult_proc0005_0021,A,,A:8M,8,8
raw_original_input,9,0,pdb_20260121180800_top1_methy_seq_23_result_0787,A,,A:13M,13,13
raw_original_input,9,1,Me_1056AAAsresult_proc0017_0109,A,,A:11M,11,11
raw_original_input,9,2,pdb_20260109100303_top1_methy_seq_31_result_0453,A,,A:9M,9,9
raw_original_input,9,3,Me_1343AAAsresult_proc0008_0013,A,,A:9M,9,9
raw_original_input,9,4,pdb_20260105103319_top1_methy_seq_23_result_0284,A,,A:13M,13,13
raw_original_input,9,5,pdb_20260121180800_top1_methy_seq_68_result_0899,A,,A:10M,10,10
raw_original_input,9,6,pdb_20260117024632_top1_methy_seq_5_result_0921,A,,A:10M,10,10
strict_naturalized_input,0,0,Me_1021AAAsresult_proc0006_0083,A,,A:11M,11,11
strict_naturalized_input,0,1,Me_1078AAAsresult_proc0017_0014,A,,A:11M,11,11
strict_naturalized_input,0,2,Me_1025AAAsresult_proc0010_0055,A,,A:9M,9,9
strict_naturalized_input,0,3,Me_1435AAAsresult_proc0002_0025,A,,A:9M,9,9
strict_naturalized_input,0,4,pdb_20260109100303_top1_methy_seq_67_result_0473,A,,A:11M,11,11
strict_naturalized_input,0,5,pdb_20260105103319_top1_methy_seq_7_result_0003,A,,A:10M,10,10
strict_naturalized_input,0,6,pdb_20260109100303_top1_methy_seq_72_result_0626,A,,A:9M,9,9
strict_naturalized_input,0,7,pdb_20260109100303_top1_methy_seq_20_result_0122,A,,A:13M,13,13
strict_naturalized_input,0,8,Me_1033AAAsresult_proc0002_0055,A,,A:8M,8,8
strict_naturalized_input,0,9,pdb_20260117024632_top1_methy_seq_29_result_0610,A,,A:12M,12,12
strict_naturalized_input,0,10,pdb_20260105103319_top1_methy_seq_67_result_0202,A,,A:9M,9,9
strict_naturalized_input,0,11,Me_1325AAAsresult_proc0007_0010,A,,A:9M,9,9
strict_naturalized_input,0,12,Me_1084AAAsresult_proc0012_0017,A,,A:10M,10,10
strict_naturalized_input,0,13,Me_1271AAAsresult_proc0016_0004,A,,A:8M,8,8
strict_naturalized_input,0,14,pdb_20260105103319_top1_methy_seq_21_result_0484,A,,A:10M,10,10
strict_naturalized_input,0,15,Me_1281AAAsresult_proc0017_0007,A,,A:11M,11,11
strict_naturalized_input,1,0,pdb_20260105103319_top1_methy_seq_40_result_0114,A,,A:12M,12,12
strict_naturalized_input,1,1,pdb_20260105103319_top1_methy_seq_1_result_0439,A,,A:11M,11,11
strict_naturalized_input,1,2,pdb_20260121180800_top1_methy_seq_24_result_0478,A,,A:12M,12,12
strict_naturalized_input,1,3,pdb_20260105103319_top1_methy_seq_71_result_0463,A,,A:11M,11,11
strict_naturalized_input,1,4,Me_1327AAAsresult_proc0014_0008,A,,A:9M,9,9
strict_naturalized_input,1,5,Me_107AAAsresult_proc0002_0021,A,,A:7M,7,7
strict_naturalized_input,1,6,Me_1425AAAsresult_proc0002_0006,A,,A:11M,11,11
strict_naturalized_input,1,7,Me_1229AAAsresult_proc0009_0001,A,,A:10M,10,10
strict_naturalized_input,1,8,Me_1138AAAsresult_proc0005_0014,A,,A:8M,8,8
strict_naturalized_input,1,9,pdb_20260117024632_top1_methy_seq_23_result_0171,A,,A:13M,13,13
strict_naturalized_input,1,10,pdb_20260116152215_top1_methy_seq_2_result_0063,A,,A:9M,9,9
strict_naturalized_input,1,11,Me_1369AAAsresult_proc0003_0011,A,,A:8M,8,8
strict_naturalized_input,1,12,pdb_20260121180800_top1_methy_seq_80_result_0655,A,,A:12M,12,12
strict_naturalized_input,1,13,Me_1047AAAsresult_proc0005_0046,A,,A:11M,11,11
strict_naturalized_input,1,14,Me_1370AAAsresult_proc0007_0033,A,,A:8M,8,8
strict_naturalized_input,1,15,pdb_20260105103319_top1_methy_seq_4_result_0450,A,,A:13M,13,13
strict_naturalized_input,2,0,pdb_20260105103319_top1_methy_seq_79_result_0099,A,,A:13M,13,13
strict_naturalized_input,2,1,Me_1104AAAsresult_proc0001_0002,A,,A:10M,10,10
strict_naturalized_input,2,2,pdb_20260121180800_top1_methy_seq_63_result_0524,A,,A:13M,13,13
strict_naturalized_input,2,3,pdb_20260121180800_top1_methy_seq_36_result_0143,A,,A:10M,10,10
strict_naturalized_input,2,4,pdb_20260105103319_top1_methy_seq_69_result_0459,A,,A:10M,10,10
strict_naturalized_input,2,5,Me_1416AAAsresult_proc0006_0012,A,,A:11M,11,11
strict_naturalized_input,2,6,pdb_20260105103319_top1_methy_seq_35_result_0188,A,,A:10M,10,10
strict_naturalized_input,2,7,pdb_20260109100303_top1_methy_seq_30_result_0935,A,,A:12M,12,12
strict_naturalized_input,2,8,pdb_20260117024632_top1_methy_seq_0_result_0478,A,,A:12M,12,12
strict_naturalized_input,2,9,Me_1392AAAsresult_proc0002_0024,A,,A:8M,8,8
strict_naturalized_input,2,10,Me_1182AAAsresult_proc0017_0039,A,,A:11M,11,11
strict_naturalized_input,2,11,Me_113AAAsresult_proc0004_0051,A,,A:7M,7,7
strict_naturalized_input,2,12,Me_1225AAAsresult_proc0007_0011,A,,A:9M,9,9
strict_naturalized_input,2,13,Me_1123AAAsresult_proc0014_0037,A,,A:8M,8,8
strict_naturalized_input,2,14,pdb_20260117024632_top1_methy_seq_34_result_0532,A,,A:11M,11,11
strict_naturalized_input,2,15,Me_1234AAAsresult_proc0011_0040,A,,A:8M,8,8
strict_naturalized_input,3,0,pdb_20260105103319_top1_methy_seq_24_result_0205,A,,A:13M,13,13
strict_naturalized_input,3,1,Me_1110AAAsresult_proc0003_0012,A,,A:11M,11,11
strict_naturalized_input,3,2,Me_1134AAAsresult_proc0009_0020,A,,A:11M,11,11
strict_naturalized_input,3,3,pdb_20260105103319_top1_methy_seq_42_result_0029,A,,A:12M,12,12
strict_naturalized_input,3,4,pdb_20260109100303_top1_methy_seq_75_result_0443,A,,A:13M,13,13
strict_naturalized_input,3,5,pdb_20260105103319_top1_methy_seq_93_result_0369,A,,A:9M,9,9
strict_naturalized_input,3,6,Me_1077AAAsresult_proc0003_0002,A,,A:9M,9,9
strict_naturalized_input,3,7,Me_100AAAsresult_proc0006_0055,A,,A:6M,6,6
strict_naturalized_input,3,8,Me_1194AAAsresult_proc0001_0023,A,,A:11M,11,11
strict_naturalized_input,3,9,pdb_20260109100303_top1_methy_seq_60_result_0792,A,,A:9M,9,9
strict_naturalized_input,3,10,pdb_20260121180800_top1_methy_seq_92_result_0192,A,,A:13M,13,13
strict_naturalized_input,3,11,pdb_20260117024632_top1_methy_seq_27_result_0395,A,,A:12M,12,12
strict_naturalized_input,3,12,Me_1043AAAsresult_proc0013_0065,A,,A:10M,10,10
strict_naturalized_input,3,13,Me_1247AAAsresult_proc0009_0007,A,,A:9M,9,9
strict_naturalized_input,3,14,Me_1112AAAsresult_proc0015_0043,A,,A:9M,9,9
strict_naturalized_input,3,15,Me_128AAAsresult_proc0012_0047,A,,A:8M,8,8
strict_naturalized_input,4,0,pdb_20260105103319_top1_methy_seq_97_result_0191,A,,A:10M,10,10
strict_naturalized_input,4,1,Me_1422AAAsresult_proc0013_0012,A,,A:9M,9,9
strict_naturalized_input,4,2,pdb_20260117024632_top1_methy_seq_33_result_0543,A,,A:9M,9,9
strict_naturalized_input,4,3,pdb_20260121180800_top1_methy_seq_48_result_0288,A,,A:12M,12,12
strict_naturalized_input,4,4,Me_1209AAAsresult_proc0009_0021,A,,A:9M,9,9
strict_naturalized_input,4,5,pdb_20260109100303_top1_methy_seq_21_result_0011,A,,A:9M,9,9
strict_naturalized_input,4,6,Me_1331AAAsresult_proc0011_0001,A,,A:8M,8,8
strict_naturalized_input,4,7,Me_1080AAAsresult_proc0010_0022,A,,A:8M,8,8
strict_naturalized_input,4,8,pdb_20260109100303_top1_methy_seq_58_result_0037,A,,A:10M,10,10
strict_naturalized_input,4,9,Me_1205AAAsresult_proc0002_0023,A,,A:9M,9,9
strict_naturalized_input,4,10,Me_1052AAAsresult_proc0011_0039,A,,A:8M,8,8
strict_naturalized_input,4,11,pdb_20260121180800_top1_methy_seq_39_result_0347,A,,A:10M,10,10
strict_naturalized_input,4,12,pdb_20260109100303_top1_methy_seq_10_result_0537,A,,A:9M,9,9
strict_naturalized_input,4,13,Me_1088AAAsresult_proc0001_0007,A,,A:8M,8,8
strict_naturalized_input,4,14,Me_1376AAAsresult_proc0012_0022,A,,A:10M,10,10
strict_naturalized_input,4,15,pdb_20260121180800_top1_methy_seq_66_result_0820,A,,A:9M,9,9
strict_naturalized_input,5,0,pdb_20260121180800_top1_methy_seq_75_result_0737,A,,A:9M,9,9
strict_naturalized_input,5,1,pdb_20260117024632_top1_methy_seq_30_result_0861,A,,A:10M,10,10
strict_naturalized_input,5,2,pdb_20260109100303_top1_methy_seq_56_result_0902,A,,A:13M,13,13
strict_naturalized_input,5,3,Me_1311AAAsresult_proc0013_0024,A,,A:10M,10,10
strict_naturalized_input,5,4,pdb_20260105103319_top1_methy_seq_33_result_0433,A,,A:9M,9,9
strict_naturalized_input,5,5,Me_1059AAAsresult_proc0008_0012,A,,A:8M,8,8
strict_naturalized_input,5,6,Me_1299AAAsresult_proc0006_0010,A,,A:10M,10,10
strict_naturalized_input,5,7,pdb_20260121180800_top1_methy_seq_29_result_0335,A,,A:9M,9,9
strict_naturalized_input,5,8,Me_1048AAAsresult_proc0010_0065,A,,A:8M,8,8
strict_naturalized_input,5,9,pdb_20260105103319_top1_methy_seq_92_result_0145,A,,A:11M,11,11
strict_naturalized_input,5,10,pdb_20260117024632_top1_methy_seq_50_result_0176,A,,A:9M,9,9
strict_naturalized_input,5,11,Me_121AAAsresult_proc0009_0056,A,,A:6M,6,6
strict_naturalized_input,5,12,pdb_20260109100303_top1_methy_seq_22_result_0845,A,,A:12M,12,12
strict_naturalized_input,5,13,Me_1387AAAsresult_proc0001_0006,A,,A:10M,10,10
strict_naturalized_input,5,14,pdb_20260109100303_top1_methy_seq_0_result_0489,A,,A:13M,13,13
strict_naturalized_input,5,15,Me_123AAAsresult_proc0002_0036,A,,A:8M,8,8
strict_naturalized_input,6,0,Me_1408AAAsresult_proc0013_0022,A,,A:11M,11,11
strict_naturalized_input,6,1,pdb_20260105103319_top1_methy_seq_90_result_0201,A,,A:10M,10,10
strict_naturalized_input,6,2,pdb_20260109100303_top1_methy_seq_83_result_0325,A,,A:9M,9,9
strict_naturalized_input,6,3,Me_1324AAAsresult_proc0005_0006,A,,A:9M,9,9
strict_naturalized_input,6,4,Me_1049AAAsresult_proc0004_0027,A,,A:8M,8,8
strict_naturalized_input,6,5,Me_1428AAAsresult_proc0005_0005,A,,A:8M,8,8
strict_naturalized_input,6,6,pdb_20260105103319_top1_methy_seq_88_result_0440,A,,A:13M,13,13
strict_naturalized_input,6,7,Me_1064AAAsresult_proc0001_0014,A,,A:9M,9,9
strict_naturalized_input,6,8,Me_1120AAAsresult_proc0008_0044,A,,A:10M,10,10
strict_naturalized_input,6,9,pdb_20260109100303_top1_methy_seq_98_result_0490,A,,A:9M,9,9
strict_naturalized_input,6,10,pdb_20260105103319_top1_methy_seq_18_result_0035,A,,A:13M,13,13
strict_naturalized_input,6,11,pdb_20260105103319_top1_methy_seq_22_result_0403,A,,A:9M,9,9
strict_naturalized_input,6,12,Me_1189AAAsresult_proc0002_0005,A,,A:9M,9,9
strict_naturalized_input,6,13,pdb_20260109100303_top1_methy_seq_38_result_0874,A,,A:13M,13,13
strict_naturalized_input,6,14,Me_1042AAAsresult_proc0017_0102,A,,A:8M,8,8
strict_naturalized_input,6,15,Me_1002AAAsresult_proc0002_0072,A,,A:8M,8,8
strict_naturalized_input,7,0,pdb_20260121180800_top1_methy_seq_87_result_0791,A,,A:13M,13,13
strict_naturalized_input,7,1,pdb_20260109100303_top1_methy_seq_93_result_0759,A,,A:9M,9,9
strict_naturalized_input,7,2,Me_1100AAAsresult_proc0016_0036,A,,A:10M,10,10
strict_naturalized_input,7,3,Me_1207AAAsresult_proc0003_0015,A,,A:8M,8,8
strict_naturalized_input,7,4,Me_1360AAAsresult_proc0011_0001,A,,A:8M,8,8
strict_naturalized_input,7,5,Me_1222AAAsresult_proc0013_0053,A,,A:9M,9,9
strict_naturalized_input,7,6,Me_1151AAAsresult_proc0001_0015,A,,A:10M,10,10
strict_naturalized_input,7,7,Me_1145AAAsresult_proc0014_0012,A,,A:11M,11,11
strict_naturalized_input,7,8,Me_1338AAAsresult_proc0016_0005,A,,A:10M,10,10
strict_naturalized_input,7,9,pdb_20260121180800_top1_methy_seq_62_result_0946,A,,A:9M,9,9
strict_naturalized_input,7,10,Me_112AAAsresult_proc0015_0021,A,,A:6M,6,6
strict_naturalized_input,7,11,Me_1283AAAsresult_proc0010_0019,A,,A:8M,8,8
strict_naturalized_input,7,12,Me_1185AAAsresult_proc0002_0012,A,,A:11M,11,11
strict_naturalized_input,7,13,Me_1218AAAsresult_proc0006_0005,A,,A:11M,11,11
strict_naturalized_input,7,14,Me_1398AAAsresult_proc0012_0021,A,,A:9M,9,9
strict_naturalized_input,7,15,pdb_20260109100303_top1_methy_seq_40_result_0893,A,,A:10M,10,10
strict_naturalized_input,8,0,Me_1295AAAsresult_proc0015_0007,A,,A:11M,11,11
strict_naturalized_input,8,1,pdb_20260109100303_top1_methy_seq_90_result_0181,A,,A:11M,11,11
strict_naturalized_input,8,2,pdb_20260121180800_top1_methy_seq_76_result_0567,A,,A:10M,10,10
strict_naturalized_input,8,3,Me_1213AAAsresult_proc0008_0019,A,,A:11M,11,11
strict_naturalized_input,8,4,pdb_20260109100303_top1_methy_seq_42_result_1000,A,,A:13M,13,13
strict_naturalized_input,8,5,Me_1090AAAsresult_proc0009_0009,A,,A:10M,10,10
strict_naturalized_input,8,6,Me_1204AAAsresult_proc0014_0045,A,,A:8M,8,8
strict_naturalized_input,8,7,Me_1246AAAsresult_proc0004_0008,A,,A:8M,8,8
strict_naturalized_input,8,8,Me_1099AAAsresult_proc0002_0026,A,,A:10M,10,10
strict_naturalized_input,8,9,Me_1040AAAsresult_proc0005_0012,A,,A:11M,11,11
strict_naturalized_input,8,10,pdb_20260105103319_top1_methy_seq_76_result_0484,A,,A:11M,11,11
strict_naturalized_input,8,11,Me_1093AAAsresult_proc0002_0026,A,,A:11M,11,11
strict_naturalized_input,8,12,Me_1263AAAsresult_proc0003_0005,A,,A:10M,10,10
strict_naturalized_input,8,13,Me_1014AAAsresult_proc0011_0075,A,,A:11M,11,11
strict_naturalized_input,8,14,pdb_20260121180800_top1_methy_seq_27_result_0103,A,,A:13M,13,13
strict_naturalized_input,8,15,Me_1258AAAsresult_proc0005_0021,A,,A:8M,8,8
strict_naturalized_input,9,0,pdb_20260121180800_top1_methy_seq_23_result_0787,A,,A:13M,13,13
strict_naturalized_input,9,1,Me_1056AAAsresult_proc0017_0109,A,,A:11M,11,11
strict_naturalized_input,9,2,pdb_20260109100303_top1_methy_seq_31_result_0453,A,,A:9M,9,9
strict_naturalized_input,9,3,Me_1343AAAsresult_proc0008_0013,A,,A:9M,9,9
strict_naturalized_input,9,4,pdb_20260105103319_top1_methy_seq_23_result_0284,A,,A:13M,13,13
strict_naturalized_input,9,5,pdb_20260121180800_top1_methy_seq_68_result_0899,A,,A:10M,10,10
strict_naturalized_input,9,6,pdb_20260117024632_top1_methy_seq_5_result_0921,A,,A:10M,10,10
selected_positions_as_X,0,0,Me_1021AAAsresult_proc0006_0083,A,,A:11M,11,11
selected_positions_as_X,0,1,Me_1078AAAsresult_proc0017_0014,A,,A:11M,11,11
selected_positions_as_X,0,2,Me_1025AAAsresult_proc0010_0055,A,,A:9M,9,9
selected_positions_as_X,0,3,Me_1435AAAsresult_proc0002_0025,A,,A:9M,9,9
selected_positions_as_X,0,4,pdb_20260109100303_top1_methy_seq_67_result_0473,A,,A:11M,11,11
selected_positions_as_X,0,5,pdb_20260105103319_top1_methy_seq_7_result_0003,A,,A:10M,10,10
selected_positions_as_X,0,6,pdb_20260109100303_top1_methy_seq_72_result_0626,A,,A:9M,9,9
selected_positions_as_X,0,7,pdb_20260109100303_top1_methy_seq_20_result_0122,A,,A:13M,13,13
selected_positions_as_X,0,8,Me_1033AAAsresult_proc0002_0055,A,,A:8M,8,8
selected_positions_as_X,0,9,pdb_20260117024632_top1_methy_seq_29_result_0610,A,,A:12M,12,12
selected_positions_as_X,0,10,pdb_20260105103319_top1_methy_seq_67_result_0202,A,,A:9M,9,9
selected_positions_as_X,0,11,Me_1325AAAsresult_proc0007_0010,A,,A:9M,9,9
selected_positions_as_X,0,12,Me_1084AAAsresult_proc0012_0017,A,,A:10M,10,10
selected_positions_as_X,0,13,Me_1271AAAsresult_proc0016_0004,A,,A:8M,8,8
selected_positions_as_X,0,14,pdb_20260105103319_top1_methy_seq_21_result_0484,A,,A:10M,10,10
selected_positions_as_X,0,15,Me_1281AAAsresult_proc0017_0007,A,,A:11M,11,11
selected_positions_as_X,1,0,pdb_20260105103319_top1_methy_seq_40_result_0114,A,,A:12M,12,12
selected_positions_as_X,1,1,pdb_20260105103319_top1_methy_seq_1_result_0439,A,,A:11M,11,11
selected_positions_as_X,1,2,pdb_20260121180800_top1_methy_seq_24_result_0478,A,,A:12M,12,12
selected_positions_as_X,1,3,pdb_20260105103319_top1_methy_seq_71_result_0463,A,,A:11M,11,11
selected_positions_as_X,1,4,Me_1327AAAsresult_proc0014_0008,A,,A:9M,9,9
selected_positions_as_X,1,5,Me_107AAAsresult_proc0002_0021,A,,A:7M,7,7
selected_positions_as_X,1,6,Me_1425AAAsresult_proc0002_0006,A,,A:11M,11,11
selected_positions_as_X,1,7,Me_1229AAAsresult_proc0009_0001,A,,A:10M,10,10
selected_positions_as_X,1,8,Me_1138AAAsresult_proc0005_0014,A,,A:8M,8,8
selected_positions_as_X,1,9,pdb_20260117024632_top1_methy_seq_23_result_0171,A,,A:13M,13,13
selected_positions_as_X,1,10,pdb_20260116152215_top1_methy_seq_2_result_0063,A,,A:9M,9,9
selected_positions_as_X,1,11,Me_1369AAAsresult_proc0003_0011,A,,A:8M,8,8
selected_positions_as_X,1,12,pdb_20260121180800_top1_methy_seq_80_result_0655,A,,A:12M,12,12
selected_positions_as_X,1,13,Me_1047AAAsresult_proc0005_0046,A,,A:11M,11,11
selected_positions_as_X,1,14,Me_1370AAAsresult_proc0007_0033,A,,A:8M,8,8
selected_positions_as_X,1,15,pdb_20260105103319_top1_methy_seq_4_result_0450,A,,A:13M,13,13
selected_positions_as_X,2,0,pdb_20260105103319_top1_methy_seq_79_result_0099,A,,A:13M,13,13
selected_positions_as_X,2,1,Me_1104AAAsresult_proc0001_0002,A,,A:10M,10,10
selected_positions_as_X,2,2,pdb_20260121180800_top1_methy_seq_63_result_0524,A,,A:13M,13,13
selected_positions_as_X,2,3,pdb_20260121180800_top1_methy_seq_36_result_0143,A,,A:10M,10,10
selected_positions_as_X,2,4,pdb_20260105103319_top1_methy_seq_69_result_0459,A,,A:10M,10,10
selected_positions_as_X,2,5,Me_1416AAAsresult_proc0006_0012,A,,A:11M,11,11
selected_positions_as_X,2,6,pdb_20260105103319_top1_methy_seq_35_result_0188,A,,A:10M,10,10
selected_positions_as_X,2,7,pdb_20260109100303_top1_methy_seq_30_result_0935,A,,A:12M,12,12
selected_positions_as_X,2,8,pdb_20260117024632_top1_methy_seq_0_result_0478,A,,A:12M,12,12
selected_positions_as_X,2,9,Me_1392AAAsresult_proc0002_0024,A,,A:8M,8,8
selected_positions_as_X,2,10,Me_1182AAAsresult_proc0017_0039,A,,A:11M,11,11
selected_positions_as_X,2,11,Me_113AAAsresult_proc0004_0051,A,,A:7M,7,7
selected_positions_as_X,2,12,Me_1225AAAsresult_proc0007_0011,A,,A:9M,9,9
selected_positions_as_X,2,13,Me_1123AAAsresult_proc0014_0037,A,,A:8M,8,8
selected_positions_as_X,2,14,pdb_20260117024632_top1_methy_seq_34_result_0532,A,,A:11M,11,11
selected_positions_as_X,2,15,Me_1234AAAsresult_proc0011_0040,A,,A:8M,8,8
selected_positions_as_X,3,0,pdb_20260105103319_top1_methy_seq_24_result_0205,A,,A:13M,13,13
selected_positions_as_X,3,1,Me_1110AAAsresult_proc0003_0012,A,,A:11M,11,11
selected_positions_as_X,3,2,Me_1134AAAsresult_proc0009_0020,A,,A:11M,11,11
selected_positions_as_X,3,3,pdb_20260105103319_top1_methy_seq_42_result_0029,A,,A:12M,12,12
selected_positions_as_X,3,4,pdb_20260109100303_top1_methy_seq_75_result_0443,A,,A:13M,13,13
selected_positions_as_X,3,5,pdb_20260105103319_top1_methy_seq_93_result_0369,A,,A:9M,9,9
selected_positions_as_X,3,6,Me_1077AAAsresult_proc0003_0002,A,,A:9M,9,9
selected_positions_as_X,3,7,Me_100AAAsresult_proc0006_0055,A,,A:6M,6,6
selected_positions_as_X,3,8,Me_1194AAAsresult_proc0001_0023,A,,A:11M,11,11
selected_positions_as_X,3,9,pdb_20260109100303_top1_methy_seq_60_result_0792,A,,A:9M,9,9
selected_positions_as_X,3,10,pdb_20260121180800_top1_methy_seq_92_result_0192,A,,A:13M,13,13
selected_positions_as_X,3,11,pdb_20260117024632_top1_methy_seq_27_result_0395,A,,A:12M,12,12
selected_positions_as_X,3,12,Me_1043AAAsresult_proc0013_0065,A,,A:10M,10,10
selected_positions_as_X,3,13,Me_1247AAAsresult_proc0009_0007,A,,A:9M,9,9
selected_positions_as_X,3,14,Me_1112AAAsresult_proc0015_0043,A,,A:9M,9,9
selected_positions_as_X,3,15,Me_128AAAsresult_proc0012_0047,A,,A:8M,8,8
selected_positions_as_X,4,0,pdb_20260105103319_top1_methy_seq_97_result_0191,A,,A:10M,10,10
selected_positions_as_X,4,1,Me_1422AAAsresult_proc0013_0012,A,,A:9M,9,9
selected_positions_as_X,4,2,pdb_20260117024632_top1_methy_seq_33_result_0543,A,,A:9M,9,9
selected_positions_as_X,4,3,pdb_20260121180800_top1_methy_seq_48_result_0288,A,,A:12M,12,12
selected_positions_as_X,4,4,Me_1209AAAsresult_proc0009_0021,A,,A:9M,9,9
selected_positions_as_X,4,5,pdb_20260109100303_top1_methy_seq_21_result_0011,A,,A:9M,9,9
selected_positions_as_X,4,6,Me_1331AAAsresult_proc0011_0001,A,,A:8M,8,8
selected_positions_as_X,4,7,Me_1080AAAsresult_proc0010_0022,A,,A:8M,8,8
selected_positions_as_X,4,8,pdb_20260109100303_top1_methy_seq_58_result_0037,A,,A:10M,10,10
selected_positions_as_X,4,9,Me_1205AAAsresult_proc0002_0023,A,,A:9M,9,9
selected_positions_as_X,4,10,Me_1052AAAsresult_proc0011_0039,A,,A:8M,8,8
selected_positions_as_X,4,11,pdb_20260121180800_top1_methy_seq_39_result_0347,A,,A:10M,10,10
selected_positions_as_X,4,12,pdb_20260109100303_top1_methy_seq_10_result_0537,A,,A:9M,9,9
selected_positions_as_X,4,13,Me_1088AAAsresult_proc0001_0007,A,,A:8M,8,8
selected_positions_as_X,4,14,Me_1376AAAsresult_proc0012_0022,A,,A:10M,10,10
selected_positions_as_X,4,15,pdb_20260121180800_top1_methy_seq_66_result_0820,A,,A:9M,9,9
selected_positions_as_X,5,0,pdb_20260121180800_top1_methy_seq_75_result_0737,A,,A:9M,9,9
selected_positions_as_X,5,1,pdb_20260117024632_top1_methy_seq_30_result_0861,A,,A:10M,10,10
selected_positions_as_X,5,2,pdb_20260109100303_top1_methy_seq_56_result_0902,A,,A:13M,13,13
selected_positions_as_X,5,3,Me_1311AAAsresult_proc0013_0024,A,,A:10M,10,10
selected_positions_as_X,5,4,pdb_20260105103319_top1_methy_seq_33_result_0433,A,,A:9M,9,9
selected_positions_as_X,5,5,Me_1059AAAsresult_proc0008_0012,A,,A:8M,8,8
selected_positions_as_X,5,6,Me_1299AAAsresult_proc0006_0010,A,,A:10M,10,10
selected_positions_as_X,5,7,pdb_20260121180800_top1_methy_seq_29_result_0335,A,,A:9M,9,9
selected_positions_as_X,5,8,Me_1048AAAsresult_proc0010_0065,A,,A:8M,8,8
selected_positions_as_X,5,9,pdb_20260105103319_top1_methy_seq_92_result_0145,A,,A:11M,11,11
selected_positions_as_X,5,10,pdb_20260117024632_top1_methy_seq_50_result_0176,A,,A:9M,9,9
selected_positions_as_X,5,11,Me_121AAAsresult_proc0009_0056,A,,A:6M,6,6
selected_positions_as_X,5,12,pdb_20260109100303_top1_methy_seq_22_result_0845,A,,A:12M,12,12
selected_positions_as_X,5,13,Me_1387AAAsresult_proc0001_0006,A,,A:10M,10,10
selected_positions_as_X,5,14,pdb_20260109100303_top1_methy_seq_0_result_0489,A,,A:13M,13,13
selected_positions_as_X,5,15,Me_123AAAsresult_proc0002_0036,A,,A:8M,8,8
selected_positions_as_X,6,0,Me_1408AAAsresult_proc0013_0022,A,,A:11M,11,11
selected_positions_as_X,6,1,pdb_20260105103319_top1_methy_seq_90_result_0201,A,,A:10M,10,10
selected_positions_as_X,6,2,pdb_20260109100303_top1_methy_seq_83_result_0325,A,,A:9M,9,9
selected_positions_as_X,6,3,Me_1324AAAsresult_proc0005_0006,A,,A:9M,9,9
selected_positions_as_X,6,4,Me_1049AAAsresult_proc0004_0027,A,,A:8M,8,8
selected_positions_as_X,6,5,Me_1428AAAsresult_proc0005_0005,A,,A:8M,8,8
selected_positions_as_X,6,6,pdb_20260105103319_top1_methy_seq_88_result_0440,A,,A:13M,13,13
selected_positions_as_X,6,7,Me_1064AAAsresult_proc0001_0014,A,,A:9M,9,9
selected_positions_as_X,6,8,Me_1120AAAsresult_proc0008_0044,A,,A:10M,10,10
selected_positions_as_X,6,9,pdb_20260109100303_top1_methy_seq_98_result_0490,A,,A:9M,9,9
selected_positions_as_X,6,10,pdb_20260105103319_top1_methy_seq_18_result_0035,A,,A:13M,13,13
selected_positions_as_X,6,11,pdb_20260105103319_top1_methy_seq_22_result_0403,A,,A:9M,9,9
selected_positions_as_X,6,12,Me_1189AAAsresult_proc0002_0005,A,,A:9M,9,9
selected_positions_as_X,6,13,pdb_20260109100303_top1_methy_seq_38_result_0874,A,,A:13M,13,13
selected_positions_as_X,6,14,Me_1042AAAsresult_proc0017_0102,A,,A:8M,8,8
selected_positions_as_X,6,15,Me_1002AAAsresult_proc0002_0072,A,,A:8M,8,8
selected_positions_as_X,7,0,pdb_20260121180800_top1_methy_seq_87_result_0791,A,,A:13M,13,13
selected_positions_as_X,7,1,pdb_20260109100303_top1_methy_seq_93_result_0759,A,,A:9M,9,9
selected_positions_as_X,7,2,Me_1100AAAsresult_proc0016_0036,A,,A:10M,10,10
selected_positions_as_X,7,3,Me_1207AAAsresult_proc0003_0015,A,,A:8M,8,8
selected_positions_as_X,7,4,Me_1360AAAsresult_proc0011_0001,A,,A:8M,8,8
selected_positions_as_X,7,5,Me_1222AAAsresult_proc0013_0053,A,,A:9M,9,9
selected_positions_as_X,7,6,Me_1151AAAsresult_proc0001_0015,A,,A:10M,10,10
selected_positions_as_X,7,7,Me_1145AAAsresult_proc0014_0012,A,,A:11M,11,11
selected_positions_as_X,7,8,Me_1338AAAsresult_proc0016_0005,A,,A:10M,10,10
selected_positions_as_X,7,9,pdb_20260121180800_top1_methy_seq_62_result_0946,A,,A:9M,9,9
selected_positions_as_X,7,10,Me_112AAAsresult_proc0015_0021,A,,A:6M,6,6
selected_positions_as_X,7,11,Me_1283AAAsresult_proc0010_0019,A,,A:8M,8,8
selected_positions_as_X,7,12,Me_1185AAAsresult_proc0002_0012,A,,A:11M,11,11
selected_positions_as_X,7,13,Me_1218AAAsresult_proc0006_0005,A,,A:11M,11,11
selected_positions_as_X,7,14,Me_1398AAAsresult_proc0012_0021,A,,A:9M,9,9
selected_positions_as_X,7,15,pdb_20260109100303_top1_methy_seq_40_result_0893,A,,A:10M,10,10
selected_positions_as_X,8,0,Me_1295AAAsresult_proc0015_0007,A,,A:11M,11,11
selected_positions_as_X,8,1,pdb_20260109100303_top1_methy_seq_90_result_0181,A,,A:11M,11,11
selected_positions_as_X,8,2,pdb_20260121180800_top1_methy_seq_76_result_0567,A,,A:10M,10,10
selected_positions_as_X,8,3,Me_1213AAAsresult_proc0008_0019,A,,A:11M,11,11
selected_positions_as_X,8,4,pdb_20260109100303_top1_methy_seq_42_result_1000,A,,A:13M,13,13
selected_positions_as_X,8,5,Me_1090AAAsresult_proc0009_0009,A,,A:10M,10,10
selected_positions_as_X,8,6,Me_1204AAAsresult_proc0014_0045,A,,A:8M,8,8
selected_positions_as_X,8,7,Me_1246AAAsresult_proc0004_0008,A,,A:8M,8,8
selected_positions_as_X,8,8,Me_1099AAAsresult_proc0002_0026,A,,A:10M,10,10
selected_positions_as_X,8,9,Me_1040AAAsresult_proc0005_0012,A,,A:11M,11,11
selected_positions_as_X,8,10,pdb_20260105103319_top1_methy_seq_76_result_0484,A,,A:11M,11,11
selected_positions_as_X,8,11,Me_1093AAAsresult_proc0002_0026,A,,A:11M,11,11
selected_positions_as_X,8,12,Me_1263AAAsresult_proc0003_0005,A,,A:10M,10,10
selected_positions_as_X,8,13,Me_1014AAAsresult_proc0011_0075,A,,A:11M,11,11
selected_positions_as_X,8,14,pdb_20260121180800_top1_methy_seq_27_result_0103,A,,A:13M,13,13
selected_positions_as_X,8,15,Me_1258AAAsresult_proc0005_0021,A,,A:8M,8,8
selected_positions_as_X,9,0,pdb_20260121180800_top1_methy_seq_23_result_0787,A,,A:13M,13,13
selected_positions_as_X,9,1,Me_1056AAAsresult_proc0017_0109,A,,A:11M,11,11
selected_positions_as_X,9,2,pdb_20260109100303_top1_methy_seq_31_result_0453,A,,A:9M,9,9
selected_positions_as_X,9,3,Me_1343AAAsresult_proc0008_0013,A,,A:9M,9,9
selected_positions_as_X,9,4,pdb_20260105103319_top1_methy_seq_23_result_0284,A,,A:13M,13,13
selected_positions_as_X,9,5,pdb_20260121180800_top1_methy_seq_68_result_0899,A,,A:10M,10,10
selected_positions_as_X,9,6,pdb_20260117024632_top1_methy_seq_5_result_0921,A,,A:10M,10,10
