check_name,source_a,source_b,key_type,key,length,count_a,count_b,examples_a,examples_b
generated_best_vs_af3_manifest,generated_best_designs,af3_manifest,exact_naturalized_sequence,CCKCGGGG,8,1,1,3AVN|T0.5|row79:design_peptide:design_peptide,3AVN|T0.5|row79:design_peptide:design_peptide
generated_best_vs_af3_manifest,generated_best_designs,af3_manifest,exact_naturalized_sequence,GKGKRG,6,2,2,3WNE|T0.3|row63:design_peptide:design_peptide;3WNE|T0.5|row80:design_peptide:design_peptide,3WNE|T0.3|row63:design_peptide:design_peptide;3WNE|T0.5|row80:design_peptide:design_peptide
generated_best_vs_af3_manifest,generated_best_designs,af3_manifest,exact_naturalized_sequence,GQKKRG,6,1,1,3WNE|T0.2|row46:design_peptide:design_peptide,3WNE|T0.2|row46:design_peptide:design_peptide
generated_best_vs_af3_manifest,generated_best_designs,af3_manifest,exact_naturalized_sequence,GRCRGQCGQGRRMG,14,1,1,3P8F|T0.3|row65:design_peptide:design_peptide,3P8F|T0.3|row65:design_peptide:design_peptide
generated_best_vs_af3_manifest,generated_best_designs,af3_manifest,exact_naturalized_sequence,GRGRGNCGQCRRMC,14,1,1,3P8F|T0.2|row48:design_peptide:design_peptide,3P8F|T0.2|row48:design_peptide:design_peptide
generated_best_vs_af3_manifest,generated_best_designs,af3_manifest,exact_naturalized_sequence,GRGRGNCRQCRFMG,14,1,1,3P8F|T0.5|row82:design_peptide:design_peptide,3P8F|T0.5|row82:design_peptide:design_peptide
generated_best_vs_af3_manifest,generated_best_designs,af3_manifest,exact_naturalized_sequence,GRKKRG,6,2,2,3WNE|T0.01|row12:design_peptide:design_peptide;3WNE|T0.1|row29:design_peptide:design_peptide,3WNE|T0.01|row12:design_peptide:design_peptide;3WNE|T0.1|row29:design_peptide:design_peptide
generated_best_vs_af3_manifest,generated_best_designs,af3_manifest,exact_naturalized_sequence,KRKGQRQG,8,1,1,3AVJ|T0.5|row76:design_peptide:design_peptide,3AVJ|T0.5|row76:design_peptide:design_peptide
generated_best_vs_af3_manifest,generated_best_designs,af3_manifest,exact_naturalized_sequence,LGCHRRQQ,8,1,1,3AV9|T0.5|row69:design_peptide:design_peptide,3AV9|T0.5|row69:design_peptide:design_peptide
generated_best_vs_af3_manifest,generated_best_designs,af3_manifest,exact_naturalized_sequence,LLCGRGQG,8,1,1,3AVF|T0.5|row72:design_peptide:design_peptide,3AVF|T0.5|row72:design_peptide:design_peptide
generated_best_vs_af3_manifest,generated_best_designs,af3_manifest,exact_naturalized_sequence,NLCCRRRG,8,1,1,3AVF|T0.3|row55:design_peptide:design_peptide,3AVF|T0.3|row55:design_peptide:design_peptide
generated_best_vs_af3_manifest,generated_best_designs,af3_manifest,exact_naturalized_sequence,NLCGRRRG,8,1,1,3AVA|T0.3|row53:design_peptide:design_peptide,3AVA|T0.3|row53:design_peptide:design_peptide
generated_best_vs_af3_manifest,generated_best_designs,af3_manifest,exact_naturalized_sequence,QGCGRRKG,8,1,1,3AV9|T0.3|row52:design_peptide:design_peptide,3AV9|T0.3|row52:design_peptide:design_peptide
generated_best_vs_af3_manifest,generated_best_designs,af3_manifest,exact_naturalized_sequence,QGGGGGR,7,1,1,3ZGC|T0.3|row64:design_peptide:design_peptide,3ZGC|T0.3|row64:design_peptide:design_peptide
generated_best_vs_af3_manifest,generated_best_designs,af3_manifest,exact_naturalized_sequence,QICGRRQG,8,1,1,3AV9|T0.01|row1:design_peptide:design_peptide,3AV9|T0.01|row1:design_peptide:design_peptide
generated_best_vs_af3_manifest,generated_best_designs,af3_manifest,exact_naturalized_sequence,QICGRRRQ,8,1,1,3AV9|T0.1|row18:design_peptide:design_peptide,3AV9|T0.1|row18:design_peptide:design_peptide
generated_best_vs_af3_manifest,generated_best_designs,af3_manifest,exact_naturalized_sequence,QLCGRRCG,8,1,1,3AVA|T0.2|row36:design_peptide:design_peptide,3AVA|T0.2|row36:design_peptide:design_peptide
generated_best_vs_af3_manifest,generated_best_designs,af3_manifest,exact_naturalized_sequence,QLCGRRKG,8,2,2,3AVA|T0.01|row2:design_peptide:design_peptide;3AVF|T0.01|row4:design_peptide:design_peptide,3AVA|T0.01|row2:design_peptide:design_peptide;3AVF|T0.01|row4:design_peptide:design_peptide
generated_best_vs_af3_manifest,generated_best_designs,af3_manifest,exact_naturalized_sequence,QLCGRRQG,8,1,1,3AVA|T0.5|row70:design_peptide:design_peptide,3AVA|T0.5|row70:design_peptide:design_peptide
generated_best_vs_af3_manifest,generated_best_designs,af3_manifest,exact_naturalized_sequence,QLCGRRRG,8,1,1,3AVA|T0.1|row19:design_peptide:design_peptide,3AVA|T0.1|row19:design_peptide:design_peptide
generated_best_vs_af3_manifest,generated_best_designs,af3_manifest,exact_naturalized_sequence,QLCRRCRG,8,1,1,3AVF|T0.2|row38:design_peptide:design_peptide,3AVF|T0.2|row38:design_peptide:design_peptide
generated_best_vs_af3_manifest,generated_best_designs,af3_manifest,exact_naturalized_sequence,QLCRRRRG,8,1,1,3AVF|T0.1|row21:design_peptide:design_peptide,3AVF|T0.1|row21:design_peptide:design_peptide
generated_best_vs_af3_manifest,generated_best_designs,af3_manifest,exact_naturalized_sequence,QQCGRRRG,8,1,1,3AV9|T0.2|row35:design_peptide:design_peptide,3AV9|T0.2|row35:design_peptide:design_peptide
generated_best_vs_af3_manifest,generated_best_designs,af3_manifest,exact_naturalized_sequence,RCCRCRCRQCQRGR,14,1,1,4KEL|T0.1|row33:design_peptide:design_peptide,4KEL|T0.1|row33:design_peptide:design_peptide
generated_best_vs_af3_manifest,generated_best_designs,af3_manifest,exact_naturalized_sequence,RCCRGRCGQGCQMC,14,1,1,1SFI|T0.2|row34:design_peptide:design_peptide,1SFI|T0.2|row34:design_peptide:design_peptide
generated_best_vs_af3_manifest,generated_best_designs,af3_manifest,exact_naturalized_sequence,RCCRRRCRCCCCGR,14,1,1,4K1E|T0.5|row83:design_peptide:design_peptide,4K1E|T0.5|row83:design_peptide:design_peptide
generated_best_vs_af3_manifest,generated_best_designs,af3_manifest,exact_naturalized_sequence,RCCRRRCRFGCCGR,14,1,1,4KEL|T0.3|row67:design_peptide:design_peptide,4KEL|T0.3|row67:design_peptide:design_peptide
generated_best_vs_af3_manifest,generated_best_designs,af3_manifest,exact_naturalized_sequence,RCCRRRCRFGQCDR,14,1,1,4K1E|T0.2|row49:design_peptide:design_peptide,4K1E|T0.2|row49:design_peptide:design_peptide
generated_best_vs_af3_manifest,generated_best_designs,af3_manifest,exact_naturalized_sequence,RCCRRRCRQCQCGR,14,1,1,4K1E|T0.1|row32:design_peptide:design_peptide,4K1E|T0.1|row32:design_peptide:design_peptide
generated_best_vs_af3_manifest,generated_best_designs,af3_manifest,exact_naturalized_sequence,RCCRRRCRQCQRGR,14,1,1,4KEL|T0.5|row84:design_peptide:design_peptide,4KEL|T0.5|row84:design_peptide:design_peptide
generated_best_vs_af3_manifest,generated_best_designs,af3_manifest,exact_naturalized_sequence,RCCRRRCRQGQRDC,14,1,1,4KEL|T0.2|row50:design_peptide:design_peptide,4KEL|T0.2|row50:design_peptide:design_peptide
generated_best_vs_af3_manifest,generated_best_designs,af3_manifest,exact_naturalized_sequence,RCCRRRCRRCQCDR,14,1,1,4K1E|T0.3|row66:design_peptide:design_peptide,4K1E|T0.3|row66:design_peptide:design_peptide
generated_best_vs_af3_manifest,generated_best_designs,af3_manifest,exact_naturalized_sequence,RCGRGQCRQCRQGC,14,1,1,1SFI|T0.01|row0:design_peptide:design_peptide,1SFI|T0.01|row0:design_peptide:design_peptide
generated_best_vs_af3_manifest,generated_best_designs,af3_manifest,exact_naturalized_sequence,RCGRGQCRQGRFGC,14,1,1,1SFI|T0.1|row17:design_peptide:design_peptide,1SFI|T0.1|row17:design_peptide:design_peptide
generated_best_vs_af3_manifest,generated_best_designs,af3_manifest,exact_naturalized_sequence,RCKCGCCG,8,1,1,3AVN|T0.2|row45:design_peptide:design_peptide,3AVN|T0.2|row45:design_peptide:design_peptide
generated_best_vs_af3_manifest,generated_best_designs,af3_manifest,exact_naturalized_sequence,RCKCKRCG,8,1,1,3AVH|T0.3|row57:design_peptide:design_peptide,3AVH|T0.3|row57:design_peptide:design_peptide
generated_best_vs_af3_manifest,generated_best_designs,af3_manifest,exact_naturalized_sequence,RCKCWCQG,8,1,1,3AVJ|T0.3|row59:design_peptide:design_peptide,3AVJ|T0.3|row59:design_peptide:design_peptide
generated_best_vs_af3_manifest,generated_best_designs,af3_manifest,exact_naturalized_sequence,RCKGGGLC,8,1,1,3AVB|T0.5|row71:design_peptide:design_peptide,3AVB|T0.5|row71:design_peptide:design_peptide
generated_best_vs_af3_manifest,generated_best_designs,af3_manifest,exact_naturalized_sequence,RCKGKGCG,8,1,1,3AVH|T0.2|row40:design_peptide:design_peptide,3AVH|T0.2|row40:design_peptide:design_peptide
generated_best_vs_af3_manifest,generated_best_designs,af3_manifest,exact_naturalized_sequence,RCKGKRCG,8,3,3,3AVG|T0.1|row22:design_peptide:design_peptide;3AVH|T0.1|row23:design_peptide:design_peptide;3AVI|T0.2|row41:design_peptide:design_peptide,3AVG|T0.1|row22:design_peptide:design_peptide;3AVH|T0.1|row23:design_peptide:design_peptide;3AVI|T0.2|row41:design_peptide:design_peptide
generated_best_vs_af3_manifest,generated_best_designs,af3_manifest,exact_naturalized_sequence,RCKGKRQG,8,4,4,3AVI|T0.1|row24:design_peptide:design_peptide;3AVJ|T0.1|row25:design_peptide:design_peptide;3AVK|T0.1|row26:design_peptide:design_peptide;3AVK|T0.2|row43:design_peptide:design_peptide,3AVI|T0.1|row24:design_peptide:design_peptide;3AVJ|T0.1|row25:design_peptide:design_peptide;3AVK|T0.1|row26:design_peptide:design_peptide;3AVK|T0.2|row43:design_peptide:design_peptide
generated_best_vs_af3_manifest,generated_best_designs,af3_manifest,exact_naturalized_sequence,RCKGWRGG,8,1,1,3AVN|T0.3|row62:design_peptide:design_peptide,3AVN|T0.3|row62:design_peptide:design_peptide
generated_best_vs_af3_manifest,generated_best_designs,af3_manifest,exact_naturalized_sequence,RCKNKCQG,8,1,1,3AVI|T0.5|row75:design_peptide:design_peptide,3AVI|T0.5|row75:design_peptide:design_peptide
generated_best_vs_af3_manifest,generated_best_designs,af3_manifest,exact_naturalized_sequence,RCKNKGQL,8,1,1,3AVI|T0.3|row58:design_peptide:design_peptide,3AVI|T0.3|row58:design_peptide:design_peptide
generated_best_vs_af3_manifest,generated_best_designs,af3_manifest,exact_naturalized_sequence,RCKNKRQG,8,1,1,3AVK|T0.3|row60:design_peptide:design_peptide,3AVK|T0.3|row60:design_peptide:design_peptide
generated_best_vs_af3_manifest,generated_best_designs,af3_manifest,exact_naturalized_sequence,RCKQQRRG,8,1,1,3AVB|T0.2|row37:design_peptide:design_peptide,3AVB|T0.2|row37:design_peptide:design_peptide
generated_best_vs_af3_manifest,generated_best_designs,af3_manifest,exact_naturalized_sequence,RCQGKRCG,8,4,4,3AVB|T0.01|row3:design_peptide:design_peptide;3AVG|T0.01|row5:design_peptide:design_peptide;3AVH|T0.01|row6:design_peptide:design_peptide;3AVM|T0.01|row10:design_peptide:design_peptide,3AVB|T0.01|row3:design_peptide:design_peptide;3AVG|T0.01|row5:design_peptide:design_peptide;3AVH|T0.01|row6:design_peptide:design_peptide;3AVM|T0.01|row10:design_peptide:design_peptide
generated_best_vs_af3_manifest,generated_best_designs,af3_manifest,exact_naturalized_sequence,RCQGKRQG,8,3,3,3AVI|T0.01|row7:design_peptide:design_peptide;3AVJ|T0.01|row8:design_peptide:design_peptide;3AVK|T0.01|row9:design_peptide:design_peptide,3AVI|T0.01|row7:design_peptide:design_peptide;3AVJ|T0.01|row8:design_peptide:design_peptide;3AVK|T0.01|row9:design_peptide:design_peptide
generated_best_vs_af3_manifest,generated_best_designs,af3_manifest,exact_naturalized_sequence,RCQGKRRG,8,1,1,3AVN|T0.01|row11:design_peptide:design_peptide,3AVN|T0.01|row11:design_peptide:design_peptide
generated_best_vs_af3_manifest,generated_best_designs,af3_manifest,exact_naturalized_sequence,RCRGRREG,8,1,1,3AVK|T0.5|row77:design_peptide:design_peptide,3AVK|T0.5|row77:design_peptide:design_peptide
generated_best_vs_af3_manifest,generated_best_designs,af3_manifest,exact_naturalized_sequence,RCRRCRCRQCQCGR,14,2,2,4K1E|T0.01|row15:design_peptide:design_peptide;4KEL|T0.01|row16:design_peptide:design_peptide,4K1E|T0.01|row15:design_peptide:design_peptide;4KEL|T0.01|row16:design_peptide:design_peptide
generated_best_vs_af3_manifest,generated_best_designs,af3_manifest,exact_naturalized_sequence,RDKGKRCG,8,1,1,3AVG|T0.5|row73:design_peptide:design_peptide,3AVG|T0.5|row73:design_peptide:design_peptide
generated_best_vs_af3_manifest,generated_best_designs,af3_manifest,exact_naturalized_sequence,RDKGKRRG,8,1,1,3AVG|T0.3|row56:design_peptide:design_peptide,3AVG|T0.3|row56:design_peptide:design_peptide
generated_best_vs_af3_manifest,generated_best_designs,af3_manifest,exact_naturalized_sequence,RGGGGGR,7,2,2,3ZGC|T0.1|row30:design_peptide:design_peptide;3ZGC|T0.5|row81:design_peptide:design_peptide,3ZGC|T0.1|row30:design_peptide:design_peptide;3ZGC|T0.5|row81:design_peptide:design_peptide
generated_best_vs_af3_manifest,generated_best_designs,af3_manifest,exact_naturalized_sequence,RGGGQCR,7,1,1,3ZGC|T0.01|row13:design_peptide:design_peptide,3ZGC|T0.01|row13:design_peptide:design_peptide
generated_best_vs_af3_manifest,generated_best_designs,af3_manifest,exact_naturalized_sequence,RGKGKNCG,8,1,1,3AVM|T0.3|row61:design_peptide:design_peptide,3AVM|T0.3|row61:design_peptide:design_peptide
generated_best_vs_af3_manifest,generated_best_designs,af3_manifest,exact_naturalized_sequence,RGKGKRCG,8,2,2,3AVB|T0.1|row20:design_peptide:design_peptide;3AVM|T0.1|row27:design_peptide:design_peptide,3AVB|T0.1|row20:design_peptide:design_peptide;3AVM|T0.1|row27:design_peptide:design_peptide
generated_best_vs_af3_manifest,generated_best_designs,af3_manifest,exact_naturalized_sequence,RGKGKRQG,8,1,1,3AVJ|T0.2|row42:design_peptide:design_peptide,3AVJ|T0.2|row42:design_peptide:design_peptide
generated_best_vs_af3_manifest,generated_best_designs,af3_manifest,exact_naturalized_sequence,RGKGQRGG,8,1,1,3AVB|T0.3|row54:design_peptide:design_peptide,3AVB|T0.3|row54:design_peptide:design_peptide
generated_best_vs_af3_manifest,generated_best_designs,af3_manifest,exact_naturalized_sequence,RGKKKRCG,8,2,2,3AVG|T0.2|row39:design_peptide:design_peptide;3AVM|T0.2|row44:design_peptide:design_peptide,3AVG|T0.2|row39:design_peptide:design_peptide;3AVM|T0.2|row44:design_peptide:design_peptide
generated_best_vs_af3_manifest,generated_best_designs,af3_manifest,exact_naturalized_sequence,RGQGKRRG,8,1,1,3AVN|T0.1|row28:design_peptide:design_peptide,3AVN|T0.1|row28:design_peptide:design_peptide
generated_best_vs_af3_manifest,generated_best_designs,af3_manifest,exact_naturalized_sequence,RRGGQGR,7,1,1,3ZGC|T0.2|row47:design_peptide:design_peptide,3ZGC|T0.2|row47:design_peptide:design_peptide
generated_best_vs_af3_manifest,generated_best_designs,af3_manifest,exact_naturalized_sequence,RRGRGQCRQCRFMG,14,1,1,1SFI|T0.3|row51:design_peptide:design_peptide,1SFI|T0.3|row51:design_peptide:design_peptide
generated_best_vs_af3_manifest,generated_best_designs,af3_manifest,exact_naturalized_sequence,RRKGKRCG,8,1,1,3AVH|T0.5|row74:design_peptide:design_peptide,3AVH|T0.5|row74:design_peptide:design_peptide
generated_best_vs_af3_manifest,generated_best_designs,af3_manifest,exact_naturalized_sequence,RRKKKRCG,8,1,1,3AVM|T0.5|row78:design_peptide:design_peptide,3AVM|T0.5|row78:design_peptide:design_peptide
generated_best_vs_af3_manifest,generated_best_designs,af3_manifest,exact_naturalized_sequence,RRRRGNCRKCCFGG,14,1,1,1SFI|T0.5|row68:design_peptide:design_peptide,1SFI|T0.5|row68:design_peptide:design_peptide
generated_best_vs_af3_manifest,generated_best_designs,af3_manifest,exact_naturalized_sequence,RRRRGQCGQCRRMG,14,1,1,3P8F|T0.01|row14:design_peptide:design_peptide,3P8F|T0.01|row14:design_peptide:design_peptide
generated_best_vs_af3_manifest,generated_best_designs,af3_manifest,exact_naturalized_sequence,RRRRGQCGQGRCCG,14,1,1,3P8F|T0.1|row31:design_peptide:design_peptide,3P8F|T0.1|row31:design_peptide:design_peptide
