check_name,status,count,note
candidate_train_or_split_files_present,INCOMPLETE,0,No train/valid/split file found in repository; full train/test leakage audit cannot be completed.
test_jsonl_exists,PASS,1,nmethyl_data\test_set\test.jsonl
complex_jsonl_exists,PASS,1,17_complexes_native.jsonl
n_monomer_test_records,INFO,151,JSONL rows in nmethyl_data/test_set/test.jsonl
n_complex_native_records,INFO,17,JSONL rows in 17_complexes_native.jsonl
n_sequence_records_extracted,INFO,4843,All extracted chain/design sequence records
monomer_test_duplicate_names,PASS,0,No duplicate test names detected.
monomer_test_duplicate_chain_sequences,PASS,0,No exact duplicate chain sequences detected inside monomer test set.
monomer_test_vs_complex_native_all_chains,PASS,0,Exact naturalized sequence overlaps between monomer test and complex native all/chain sequences.
monomer_test_vs_complex_native_short_peptides,PASS,0,Exact naturalized sequence overlaps between monomer test and complex native short peptides.
monomer_test_vs_generated_all_designs,PASS,0,Exact naturalized sequence overlaps between monomer test and generated_all_designs peptide sequences.
monomer_test_vs_generated_best_designs,PASS,0,Exact naturalized sequence overlaps between monomer test and generated_best_designs peptide sequences.
monomer_test_vs_af3_manifest,PASS,0,Exact naturalized sequence overlaps between monomer test and af3_manifest peptide sequences.
generated_best_vs_af3_manifest_sequence_overlap,INFO,68,Exact naturalized sequence overlap count between best_designs and af3_manifest; expected to be nonzero/high because af3_manifest is derived from best85.
